"TOA5","PFR089_MtAlbert","CR1000","72842","CR1000.Std.28","CPU:PFR089_MtAlbert_19Jan2016.CR1","19097","Daily"
"TIMESTAMP","RECORD","SiteID","AirTemperature_Min","AirTemperature_Max","AirTemperature_Avg","Rain_Tot","WindRun_Tot","SolarEnergy_Tot"
"TS","RN","","Deg C","Deg C","Deg C","mm","","MJ/m^2"
"","","Smp","Min","Max","Avg","Tot","Tot","Tot"
"2016-01-20 08:00:00",0,89,15.45,24.7,19.27,0,3459,10.45
"2016-01-21 08:00:00",1,89,16.94,25.38,20.73,0,5442,13.88
"2016-01-22 08:00:00",2,89,16.81,26.46,21.24,0,7999,15.6
"2016-01-23 08:00:00",3,89,13.58,27.69,20.39,0,7999,"NAN"
"2016-01-24 08:00:00",4,89,14.33,29.69,21.74,0,7999,"NAN"
"2016-01-25 08:00:00",5,89,16.5,30.37,23.05,0,4378,"NAN"
"2016-01-26 08:00:00",6,89,16.91,27.52,22.7,0,7869,"NAN"
"2016-01-27 08:00:00",7,89,21.18,29.05,23.75,0.3,4101,13.3
"2016-01-29 08:00:00",0,89,19.86,29.15,23.1,0,6838,44.86
"2016-01-30 08:00:00",1,89,17.9,26.53,20.97,0,7648,29.81
"2016-01-31 08:00:00",2,89,19.02,30.1,23.19,0,7999,54.46
"2016-02-01 08:00:00",3,89,20.2,27.38,22.52,0,7999,37.52
"2016-02-02 08:00:00",4,89,17.45,25.44,21.27,0,7999,44.41
"2016-02-03 08:00:00",5,89,17.01,30.54,22.4,0.6,7660,45.98
"2016-02-04 08:00:00",6,89,19.55,25.95,22.11,0,7999,48.59
"2016-02-05 08:00:00",7,89,18.87,24.83,21.61,0.4,7999,37.04
"2016-02-06 08:00:00",8,89,19.69,23.2,21.11,10.6,7999,16.81
"2016-02-07 08:00:00",9,89,20.03,25.92,22.11,8.2,7999,26.28
"2016-02-08 08:00:00",10,89,18,26.36,22.14,0,7999,42.14
"2016-02-09 08:00:00",11,89,19.35,24.87,21.35,0,7999,27.23
"2016-02-10 08:00:00",12,89,16.84,26.53,21.09,0,6811,29.16
"2016-02-11 08:00:00",13,89,17.32,28.94,22.57,0.8,6720,36.62
"2016-02-12 08:00:00",14,89,15.92,26.33,20.97,0,3726,34.22
"2016-02-13 08:00:00",15,89,16.47,30.54,22.55,0,7999,51.24
"2016-02-14 08:00:00",16,89,16.43,27.82,21.84,0,7661,47.26
"2016-02-15 08:00:00",17,89,18.37,26.63,21.94,1.7,7999,51.65
"2016-02-16 08:00:00",18,89,20.47,27.82,22.33,0.3,7999,34.78
"2016-02-17 08:00:00",19,89,19.18,24.9,21.08,6.6,7999,27.16
"2016-02-18 08:00:00",20,89,19.72,22.74,20.82,19,7999,12.91
"2016-02-19 08:00:00",0,89,17.86,25.95,21.46,15.5,71.49,6.579
"2016-02-20 08:00:00",1,89,11.31,27.79,18.8,0.1,115.8,16.29
"2016-02-21 08:00:00",2,89,13.37,27.52,20.01,0,127.3,19.33
"2016-02-22 08:00:00",3,89,15.82,27.07,20.97,0,228.5,17.38
"2016-02-23 08:00:00",4,89,18.03,26.63,21.65,0,180.9,14.94
"2016-02-24 08:00:00",5,89,13.82,26.43,20.35,0,82.9,19.43
"2016-02-25 08:00:00",6,89,12.12,28.77,19.74,0,116.4,16.11
"2016-02-26 08:00:00",7,89,13.78,28.2,20.28,0,115.6,20.01
"2016-02-27 08:00:00",8,89,15.89,30.78,21.65,0,88,17.8
"2016-02-28 08:00:00",9,89,20.16,27.82,22.92,30.5,140.8,12.95
"2016-02-29 08:00:00",10,89,21.22,27.11,23.27,1.8,56.34,8.95
"2016-03-01 08:00:00",11,89,18.23,22.4,20.23,26.6,68.48,3.579
"2016-03-02 08:00:00",12,89,16.57,22.06,19.15,3.5,110.6,6.272
"2016-03-03 08:00:00",13,89,14.6,23.44,18.71,0,111.5,10.92
"2016-03-04 08:00:00",14,89,13.82,23.44,18.91,0,96.4,15.57
"2016-03-05 08:00:00",15,89,13.41,26.39,19.81,0,69.65,14.29
"2016-03-06 08:00:00",16,89,12.22,28.3,20.04,0,129.2,18.26
"2016-03-07 08:00:00",17,89,17.11,27.55,21.8,0,134.7,14.7
"2016-03-08 08:00:00",18,89,17.69,26.87,21.64,0,187.8,11.05
"2016-03-09 08:00:00",19,89,17.05,28.54,21.64,1.6,165.9,17.04
"2016-03-10 08:00:00",20,89,10.05,26.29,17.71,0,133.7,17.82
"2016-03-11 08:00:00",21,89,15.65,27.72,21.28,0.6,148.8,15.59
"2016-03-12 08:00:00",22,89,10.36,25.34,17.85,1.2,180.8,10.41
"2016-03-13 08:00:00",23,89,10.46,22.73,17.01,0,103.5,15.2
"2016-03-14 08:00:00",24,89,9.78,24.7,16.97,0,73.79,17.13
"2016-03-15 08:00:00",25,89,11.51,27.07,18.12,0,76.74,16.12
"2016-03-16 08:00:00",26,89,15.65,24.83,20.06,0.6,87,13.4
"2016-03-17 08:00:00",27,89,15.38,28.94,20.54,0,109.2,12.47
"2016-03-18 08:00:00",28,89,17.96,23.68,19.96,3.4,129.2,9.55
"2016-03-19 08:00:00",29,89,17.73,23.28,20.16,1.5,213.6,8.46
"2016-03-20 08:00:00",30,89,18.36,23.95,20.34,0.6,214.4,14.76
"2016-03-21 08:00:00",31,89,15.35,24.12,19.72,1.2,142.4,10.53
"2016-03-22 08:00:00",32,89,18.53,24.93,21.05,1.5,210.5,12.35
"2016-03-23 08:00:00",33,89,19.96,25.41,21.52,1.9,310.2,11.12
"2016-03-24 08:00:00",34,89,20.29,21.79,20.94,10.4,446,2.092
"2016-03-25 08:00:00",35,89,17.22,23.17,19.94,0.1,20.03,5.406
"2016-03-26 08:00:00",36,89,16.23,26.33,20.36,0,87.2,12.13
"2016-03-27 08:00:00",37,89,13.85,25.85,19.35,0,39.37,11.09
"2016-03-28 08:00:00",38,89,11.88,27.07,18.19,0,66.51,12.68
"2016-03-29 08:00:00",39,89,13.2,24.9,17.88,0.3,69.59,8.8
"2016-03-30 08:00:00",40,89,15.48,26.67,19.49,0,130,13.17
"2016-03-31 08:00:00",41,89,12.25,26.06,18.35,0,97.7,13.32
"2016-04-01 08:00:00",42,89,17.01,22.15,19.26,0,213.4,10.01
"2016-04-02 08:00:00",43,89,18.5,21.1,19.36,3.4,182.2,4.173
"2016-04-03 08:00:00",44,89,16.4,26.77,20.69,3.4,62.74,10.67
"2016-04-04 09:00:00",45,89,13.31,26.87,19.34,2.1,65.96,11.61
"2016-04-05 09:00:00",46,89,12.83,24.59,17.54,0.5,195.2,12.42
"2016-04-06 09:00:00",47,89,9.07,24.05,16.08,0,159.4,12.29
"2016-04-07 09:00:00",48,89,6.455,23.2,14.16,0,82.8,12.9
"2016-04-08 09:00:00",49,89,8.35,22.56,14.86,0,24.62,8.97
"2016-04-09 09:00:00",50,89,10.72,21.5,15.5,1.7,59.62,7.71
"2016-04-10 09:00:00",51,89,8.15,21.43,14.2,0,40.49,7.605
"2016-04-11 09:00:00",52,89,14.7,19.88,16.27,5.2,7.64,4.76
"2016-04-12 09:00:00",53,89,12.01,23.1,16.56,1,33.4,8.14
"2016-04-13 09:00:00",54,89,16.03,24.08,19.31,2.6,79.54,9.2
"2016-04-14 09:00:00",55,89,11.33,22.05,15.44,0,163.4,8.29
"2016-04-15 09:00:00",56,89,6.421,22.76,14.17,0,44.86,9.75
"2016-04-16 09:00:00",57,89,10.32,23.88,15.99,0,65.57,10.75
"2016-04-17 09:00:00",58,89,14.53,20.42,17.01,4,101.9,7.8
"2016-04-18 09:00:00",59,89,15.55,19.81,17.55,13.3,119.5,4.732
"2016-04-19 09:00:00",60,89,13.27,23.27,17.06,0,197.3,9.53
"2016-04-20 09:00:00",61,89,13.75,23.13,17.41,0,54.28,8.91
"2016-04-21 09:00:00",62,89,9.34,24.05,15.68,0,101.2,9.36
"2016-04-22 09:00:00",63,89,13.48,24.32,17.96,0,60.9,10.64
"2016-04-23 09:00:00",64,89,9.07,22.45,16,0,67.88,10.62
"2016-04-24 09:00:00",65,89,11.33,23.57,16.54,2.6,54.71,7.802
"2016-04-25 09:00:00",66,89,12.66,19.61,15.36,5.4,154.2,3.981
"2016-04-26 09:00:00",67,89,13.85,22.39,16.88,0,250,8.27
"2016-04-27 09:00:00",68,89,8.96,22.12,15.65,0.2,203.6,8.33
"2016-04-28 09:00:00",69,89,10.02,23.68,15.96,0,76.51,7.289
"2016-04-29 09:00:00",70,89,14.7,19.3,16.57,0,71.73,3.96
"2016-04-30 09:00:00",71,89,15.38,18.45,16.55,0,101.3,3.344
"2016-05-01 09:00:00",72,89,10.93,23.44,15.73,0,54.79,6.217
"2016-05-02 09:00:00",73,89,12.39,21.64,16.47,1,74.81,6.554
"2016-05-03 09:00:00",74,89,9.06,23.71,15.35,0.1,49.99,9.42
"2016-05-04 09:00:00",75,89,8.01,24.36,15.09,0.1,43.4,8.86
"2016-05-05 09:00:00",76,89,14.87,22.96,18.34,0,106.6,7.464
"2016-05-06 09:00:00",77,89,17.51,22.32,18.88,1.1,51.74,3.82
"2016-05-07 09:00:00",78,89,11.4,22.25,15.93,0,45.54,4.626
"2016-05-08 09:00:00",79,89,12.01,24.39,16.55,0,61.4,7.316
"2016-05-09 09:00:00",80,89,11.67,20.21,15.44,0,71.53,5.737
"2016-05-10 09:00:00",81,89,9.17,23.68,15.37,0.1,58.14,7.614
"2016-05-11 09:00:00",82,89,16.19,21.71,18.57,0,139.7,7.076
"2016-05-12 09:00:00",83,89,16.91,20.32,18.99,8.8,116.2,2.395
"2016-05-13 09:00:00",84,89,11.81,19.71,15.54,0.1,29.32,3.946
"2016-05-14 09:00:00",85,89,13.1,22.25,17.61,0,94.6,6.315
"2016-05-15 09:00:00",86,89,9.54,23.74,16.07,2.2,72.77,6.701
"2016-05-16 09:00:00",87,89,11.54,23.03,15.82,0.2,53.65,7.745
"2016-05-17 09:00:00",88,89,13.03,20.75,16.12,5,159.5,6.278
"2016-05-18 09:00:00",89,89,8.62,19.67,13.31,0,101,5.902
"2016-05-19 09:00:00",90,89,13,20.15,15.26,4.1,150.1,3.796
"2016-05-20 09:00:00",91,89,10.79,21.94,15.09,2,85.7,6.761
"2016-05-21 09:00:00",92,89,10.62,21.64,16.44,18.6,123.3,7.068
"2016-05-22 09:00:00",93,89,10.31,17.94,12.87,7.2,178.6,4.911
"2016-05-23 09:00:00",94,89,9.1,19.94,13.28,4.6,173.8,6.7
"2016-05-24 09:00:00",95,89,10.35,15.99,12.32,15.1,85.1,4.392
"2016-05-25 09:00:00",96,89,11.2,18.45,14.98,4.8,90.9,4.178
"2016-05-26 09:00:00",97,89,8.05,18.42,12.84,26,76.32,5.281
"2016-05-27 09:00:00",98,89,9.33,18.79,13.34,6.8,82.5,6.079
"2016-05-28 09:00:00",99,89,13.51,18.52,16.08,9.7,165.9,5.091
"2016-05-29 09:00:00",100,89,15.55,20.86,17.53,4.6,231.6,4.772
"2016-05-30 09:00:00",101,89,10.86,19.03,13.16,13.3,51.57,2.968
"2016-05-31 09:00:00",102,89,7.774,18.14,12.22,3.8,82.2,5.655
"2016-06-01 09:00:00",103,89,3.972,15.91,9.96,7.1,61.95,4.773
"2016-06-02 09:00:00",104,89,5.162,15.84,9.24,0,137.6,5.73
"2016-06-03 09:00:00",105,89,0.381,16.07,7.141,0.1,82.6,6.837
"2016-06-04 09:00:00",106,89,0.789,17.32,7.461,0,55.51,6.912
"2016-06-05 09:00:00",107,89,2.891,17.53,8.8,0.1,39.63,6.161
"2016-06-06 09:00:00",108,89,5.094,18.38,9.82,0,83,6.115
"2016-06-07 09:00:00",109,89,8.05,16.61,13.24,0,107.7,5.577
"2016-06-08 09:00:00",110,89,13.41,18.38,15.14,0,258.1,5.842
"2016-06-09 09:00:00",111,89,14.46,17.84,15.88,0.2,320.9,4.395
"2016-06-10 09:00:00",112,89,16.32,18.08,17,7.6,261.8,2.712
"2016-06-11 09:00:00",113,89,10.62,19.68,15.39,2.9,49.59,3.324
"2016-06-12 09:00:00",114,89,8.42,19.94,13.55,1,45.3,4.378
"2016-06-13 09:00:00",115,89,9.8,17.3,12.92,3.7,195.1,3.934
"2016-06-14 09:00:00",116,89,4.448,16.34,9.13,0.3,108.6,6.095
"2016-06-15 09:00:00",117,89,8.86,17.74,12.57,2,49.78,5.23
"2016-06-16 09:00:00",118,89,4.924,18.51,10.59,0.3,44.87,5.168
"2016-06-17 09:00:00",119,89,3.157,18.92,9.16,0.1,73.5,5.207
"2016-06-18 09:00:00",120,89,6.686,17.6,10.77,0.7,38.42,5.068
"2016-06-19 09:00:00",121,89,9.4,14.26,11.93,0,124.9,3.108
"2016-06-20 09:00:00",122,89,6.415,18.99,12,0,118.3,5.18
"2016-06-21 09:00:00",123,89,8.9,18.89,14,0.9,59.2,5.157
"2016-06-22 09:00:00",124,89,14.26,17.6,15.77,3.5,268.8,2.881
"2016-06-23 09:00:00",125,89,14.67,16.86,16.12,24.5,93.7,1.087
"2016-06-24 09:00:00",126,89,9.8,17.11,14.14,10.6,122.9,2.866
"2016-06-25 09:00:00",127,89,7.706,18.28,12.28,0.9,80.9,4.835
"2016-06-26 09:00:00",128,89,11.3,15.75,13.58,9.6,78.58,1.727
"2016-06-27 09:00:00",129,89,7.943,16.59,11.12,9,104.7,3.448
"2016-06-28 09:00:00",130,89,9.91,17.13,13.21,5.8,130.3,3.73
"2016-06-29 09:00:00",131,89,10.04,18.24,12.79,7.2,42.49,4.762
"2016-06-30 09:00:00",132,89,9.8,15.28,11.92,39.2,65.22,2.426
"2016-07-01 09:00:00",133,89,3.53,16.96,10.6,1.8,202.8,4.217
"2016-07-02 09:00:00",134,89,-1.796,14.64,5.257,0.1,98.1,6.426
"2016-07-03 09:00:00",135,89,-2.17,15.76,5.04,0.1,30.81,6.532
"2016-07-04 09:00:00",136,89,1.061,15.42,8.69,0,57.52,6.414
"2016-07-05 09:00:00",137,89,2.488,18.95,9.14,0.1,46.04,5.963
"2016-07-06 09:00:00",138,89,4.516,18.18,9.44,0.2,41.03,5.408
"2016-07-07 09:00:00",139,89,8.19,16.64,12.16,0.1,45.16,5.583
"2016-07-08 09:00:00",140,89,12.73,14.7,13.64,26.2,193.7,1.561
"2016-07-09 09:00:00",141,89,8.99,18.24,13.19,0,234.2,3.539
"2016-07-10 09:00:00",142,89,6.516,13.24,9.1,0,240.6,3.595
"2016-07-11 09:00:00",143,89,6.311,15.32,9.5,0,234.9,6.431
"2016-07-12 09:00:00",144,89,4.618,15.6,8.68,0,158.4,5.036
"2016-07-13 09:00:00",145,89,2.62,17.08,8.01,0,58.53,6.665
"2016-07-14 09:00:00",146,89,6.319,15.53,12.81,16.8,189.9,5.276
"2016-07-15 09:00:00",147,89,9.53,16.85,11.88,4,184.1,6.061
"2016-07-16 09:00:00",148,89,8.38,17.06,12.05,12.3,174.2,6.079
"2016-07-17 09:00:00",149,89,9.94,16.2,11.95,0.8,207.4,6.72
"2016-07-18 09:00:00",150,89,9.09,17.23,11.76,7.2,232.2,4.676
"2016-07-19 09:00:00",151,89,9.87,15.94,11.77,1.2,193.1,4.581
"2016-07-20 09:00:00",152,89,10.99,17.77,13.54,8.2,230.6,5.391
"2016-07-21 09:00:00",153,89,9.7,16.17,12.29,1.1,194.8,5.78
"2016-07-22 09:00:00",154,89,7.806,15.4,11.15,0.1,107.2,4.257
"2016-07-23 09:00:00",155,89,9.43,16.41,13.59,13,202.8,5.737
"2016-07-24 09:00:00",156,89,14.16,17.88,15.35,14.9,208.3,3.789
"2016-07-25 09:00:00",157,89,9.74,17.94,13.08,2.2,212,6.214
"2016-07-26 09:00:00",158,89,6.855,17.49,11.72,21.6,96.3,6.955
"2016-07-27 09:00:00",159,89,4.55,17.87,9.85,0.1,85,6.451
"2016-07-28 09:00:00",160,89,9.67,18.32,12.34,0.8,52.67,3.769
"2016-07-29 09:00:00",161,89,11.23,15.77,12.94,22.8,199.4,3.591
"2016-07-30 09:00:00",162,89,6.176,17.13,11.01,2,137.3,6.335
"2016-07-31 09:00:00",163,89,7.943,16.75,11.74,10.7,161.9,5.334
"2016-08-01 09:00:00",164,89,5.06,14.82,10,6.2,116.6,5.692
"2016-08-02 09:00:00",165,89,7.366,15.76,10.79,14.1,107.3,5.736
"2016-08-03 09:00:00",166,89,7.842,17.36,12.05,0.3,112.5,7.03
"2016-08-04 09:00:00",167,89,11.33,16.18,13.59,9.4,104,3.962
"2016-08-05 09:00:00",168,89,5.298,13.44,10.09,5.5,16.17,3.269
"2016-08-06 09:00:00",169,89,5.94,16.41,10.02,6.9,85.9,7.41
"2016-08-07 09:00:00",170,89,6.175,13.12,7.958,3,371.3,5.872
"2016-08-08 09:00:00",171,89,0.755,13.76,7.153,0.3,176.5,7.908
"2016-08-09 09:00:00",172,89,1.402,14.5,6.023,0.3,85.9,6.966
"2016-08-10 09:00:00",173,89,6.175,14.71,9.04,6.7,198.2,6.625
"2016-08-11 09:00:00",174,89,7.195,11.47,9.15,0,262.1,2.877
"2016-08-12 09:00:00",175,89,5.366,17.36,10.43,0.1,136.6,6.495
"2016-08-13 09:00:00",176,89,10.99,16.78,13.31,2,150.8,7.131
"2016-08-14 09:00:00",177,89,1.027,17.32,8.52,0.1,75.54,6.877
"2016-08-15 09:00:00",178,89,8.55,16.98,11.31,0.1,86.8,7.01
"2016-08-16 09:00:00",179,89,3.7,17.8,8.84,0.1,125.7,6.92
"2016-08-17 09:00:00",180,89,3.598,19.29,10.28,0.2,84.2,9.22
"2016-08-18 09:00:00",181,89,3.089,19.29,10.24,0.2,107.3,9.57
"2016-08-19 09:00:00",182,89,3.836,17.9,9.87,0.1,153.3,9.37
"2016-08-20 09:00:00",183,89,5.094,18.65,10.55,0,129.6,8.83
"2016-08-21 09:00:00",184,89,3.259,16.98,9.84,0,89.8,7.404
"2016-08-22 09:00:00",185,89,4.924,16.61,10.49,0.1,71.68,8.73
"2016-08-23 09:00:00",186,89,4.55,17.05,11.42,0.4,69.24,8.22
"2016-08-24 09:00:00",187,89,6.045,19.29,11.54,0,96.4,9.05
"2016-08-25 09:00:00",188,89,9.17,14.63,12.44,41.1,120.4,2.215
"2016-08-26 09:00:00",189,89,13.14,17.69,15.17,23.2,215.1,1.69
"2016-08-27 09:00:00",190,89,9.57,19,14.03,2.6,272.4,7.096
"2016-08-28 09:00:00",191,89,4.72,16.85,10.31,0.2,107.7,8.18
"2016-08-29 09:00:00",192,89,7.195,19.63,11.96,0,168.8,9.27
"2016-08-30 09:00:00",193,89,9.16,15.1,11.28,4.6,152.2,4.594
"2016-08-31 09:00:00",194,89,4.822,18.89,12.17,0,191.1,11.04
"2016-09-01 09:00:00",195,89,4.856,20.58,11.43,0,83.3,11.61
"2016-09-02 09:00:00",196,89,8.82,16.31,11.99,0.8,58.88,7.833
"2016-09-03 09:00:00",197,89,12.22,19.5,15.16,0.8,148.6,7.448
"2016-09-04 09:00:00",198,89,13.68,17.94,14.99,0.2,84.4,6.531
"2016-09-05 09:00:00",199,89,12.56,20.38,15.36,11.6,131.6,6.465
"2016-09-06 09:00:00",200,89,11.06,17.13,13.27,1.6,186,8.2
"2016-09-07 09:00:00",201,89,4.482,18.21,11.53,0,184.1,9.78
"2016-09-08 09:00:00",202,89,7.571,17.71,11.44,3.6,214.9,8.71
"2016-09-09 09:00:00",203,89,6.439,11.94,7.899,1.6,460.4,8.79
"2016-09-10 09:00:00",204,89,6.481,15.02,10.27,0,331.3,13.22
"2016-09-11 09:00:00",205,89,1.232,17.19,9.47,0,177.8,13.63
"2016-09-12 09:00:00",206,89,1.912,19.7,9.87,0,79.02,13.69
"2016-09-13 09:00:00",207,89,4.754,17.97,11.01,0,76.35,12.01
"2016-09-14 09:00:00",208,89,8.25,20.92,13.41,0,84.6,10.92
"2016-09-15 09:00:00",209,89,12.18,19.64,14.86,2.8,106.9,9.37
"2016-09-16 09:00:00",210,89,12.86,15.14,13.71,11.1,80.4,3.508
"2016-09-17 09:00:00",211,89,13.48,20.86,15.77,0,162,8.19
"2016-09-18 09:00:00",212,89,12.22,15.85,14.15,14.4,278.5,2.595
"2016-09-19 09:00:00",213,89,11.61,17.77,13.79,0.2,189.1,6.125
"2016-09-20 09:00:00",214,89,7.535,17.94,11.58,0.1,120.7,8.9
"2016-09-21 09:00:00",215,89,12.01,15.5,13.29,26.3,164,7.409
"2016-09-22 09:00:00",216,89,9.8,16.99,12.75,3.2,213.6,7.278
"2016-09-23 09:00:00",217,89,13.82,18.95,15.46,1.2,114.8,8.66
"2016-09-24 09:00:00",218,89,13.17,18.52,15.54,0,208.9,9.44
"2016-09-25 09:00:00",219,89,13.27,16.92,14.29,37.6,256.4,4.031
"2016-09-26 08:00:00",220,89,11.57,16.59,13.88,26.2,131.3,3.975
"2016-09-27 08:00:00",221,89,12.52,19.5,14.83,0.2,178.3,10.74
"2016-09-28 08:00:00",222,89,12.9,20.48,15.76,2.1,128.7,11.7
"2016-09-29 08:00:00",223,89,11.4,17.33,13.31,6.4,102.2,5.299
"2016-09-30 08:00:00",224,89,10.89,20.52,14.85,0.2,121.8,13.07
"2016-10-01 08:00:00",225,89,13.34,18.96,14.96,8.9,163.4,9.57
"2016-10-02 08:00:00",226,89,14.26,17.7,15.67,6.7,247.3,7.348
"2016-10-03 08:00:00",227,89,10.01,18.69,13.91,9.7,69.77,6.049
"2016-10-04 08:00:00",228,89,8.28,19.63,13.59,3.1,106.3,13.28
"2016-10-05 08:00:00",229,89,11.84,20.04,15.19,12.4,132.3,12.45
"2016-10-06 08:00:00",230,89,12.69,19.16,15.43,0,181.7,11.46
"2016-10-07 08:00:00",231,89,9.26,17.06,12.71,13.1,162.7,9.43
"2016-10-08 08:00:00",232,89,9.81,17.6,12.6,3.3,175.7,11.08
"2016-10-09 08:00:00",233,89,13.41,19.77,15.84,0,151.9,16.37
"2016-10-10 08:00:00",234,89,10.48,18.93,12.93,2.7,160.8,5.428
"2016-10-11 08:00:00",235,89,11.1,16.54,13.25,0.6,159.9,7.811
"2016-10-12 08:00:00",236,89,14.6,21.23,16.99,2.2,207.4,13.88
"2016-10-13 08:00:00",237,89,7.502,20.14,13.29,0.3,129.3,10.54
"2016-10-14 08:00:00",238,89,5.264,21.03,12.32,0,128.9,17.15
"2016-10-15 08:00:00",239,89,7.501,18.27,11.98,8.3,96.3,9.96
"2016-10-16 08:00:00",240,89,9.23,17.9,12.63,5.7,196.7,12.55
"2016-10-17 08:00:00",241,89,10.21,18.58,13.86,0.2,176.7,12.1
"2016-10-18 08:00:00",242,89,8.62,21.77,14.06,0,162.3,15.9
"2016-10-19 08:00:00",243,89,7.638,22.15,14.14,0.1,135.9,16.68
"2016-10-20 08:00:00",244,89,14.9,21.23,17.33,9.6,138.1,15.41
"2016-10-21 08:00:00",245,89,11.4,21.74,15.71,2.3,162.3,12.06
"2016-10-22 08:00:00",246,89,9.4,19.87,13.89,1.5,253,18.52
"2016-10-23 08:00:00",247,89,10.25,19.8,14.2,0,303.3,21.35
"2016-10-24 08:00:00",248,89,9.57,21.88,14.5,0,146.6,19.32
"2016-10-25 08:00:00",249,89,14.16,18.66,15.85,1.1,197.3,8.35
"2016-10-26 08:00:00",250,89,10.45,18.22,13.88,9.4,121.4,8.46
"2016-10-27 08:00:00",251,89,11.64,18.52,15,1.9,138.8,14.42
"2016-10-28 08:00:00",252,89,9.87,22.22,15.08,0,96.2,18.71
"2016-10-29 08:00:00",253,89,10.82,20.62,15.86,5,146.6,16.87
"2016-10-30 08:00:00",254,89,8.28,19.8,13.29,0,225.6,18.7
"2016-10-31 08:00:00",255,89,5.264,19.7,12.2,0,180.6,19.93
"2016-11-01 08:00:00",256,89,3.295,18.44,10.34,0,65.01,15.66
"2016-11-02 08:00:00",257,89,12,20.75,16.17,0.1,156.5,20.29
"2016-11-03 08:00:00",258,89,8.96,20.42,13.9,0.7,117.4,19.4
"2016-11-04 08:00:00",259,89,10.96,21.43,15.11,0.2,179.1,17.62
"2016-11-05 08:00:00",260,89,9.5,19.74,13.67,0.4,133.8,15.16
"2016-11-06 08:00:00",261,89,13.48,21.26,16.15,3.3,104.3,14.43
"2016-11-07 08:00:00",262,89,14.22,23.31,17.66,13.6,156.3,14.21
"2016-11-08 08:00:00",263,89,11.64,18.92,14.45,8,236.4,13.64
"2016-11-09 08:00:00",264,89,13.2,19.46,15.73,0,317.5,21.36
"2016-11-10 08:00:00",265,89,14.39,22.96,17.82,0,216.6,21.94
"2016-11-11 08:00:00",266,89,14.83,23.23,18.01,0,123.5,19.08
"2016-11-12 08:00:00",267,89,14.36,21.94,17.99,3.3,200.2,13.56
"2016-11-13 08:00:00",268,89,12.46,18.22,14.32,0.6,170.5,10.36
"2016-11-14 08:00:00",269,89,8.25,21.67,14.2,0,117,17.72
"2016-11-15 08:00:00",270,89,16.33,20.48,17.63,1.4,273.8,14.08
"2016-11-16 08:00:00",271,89,14.97,20.02,17.25,15.7,115.2,3.468
"2016-11-17 08:00:00",272,89,10.48,20.28,15.22,21,199.7,17.7
"2016-11-18 08:00:00",273,89,8.99,19.26,13.19,10.6,172.7,18.29
"2016-11-19 08:00:00",274,89,12.32,21.26,15.9,0,220.1,21.75
"2016-11-20 08:00:00",275,89,13.1,17.5,15.63,0.8,216,6.775
"2016-11-21 08:00:00",276,89,12.25,21.03,15.73,0,272.9,20.26
"2016-11-22 08:00:00",277,89,12.25,21.74,16.79,0,272.6,25.2
"2016-11-23 08:00:00",278,89,11.71,23.74,16.72,0,218.4,24.29
"2016-11-24 08:00:00",279,89,10.72,23.85,16.92,0,201.2,25.39
"2016-11-25 08:00:00",280,89,14.9,24.93,19.12,0,116.5,21.32
"2016-11-26 08:00:00",281,89,12.42,20.15,16.5,9.7,102.6,7.82
"2016-11-27 08:00:00",282,89,12.86,21.77,16.77,0,166.8,19.27
"2016-11-28 08:00:00",283,89,11.3,20.08,15.48,2.4,197.9,14.9
"2016-11-29 08:00:00",284,89,10.96,20.31,15.22,0,148,18.12
"2016-11-30 08:00:00",285,89,14.29,22.73,16.49,0.1,92.6,12.17
"2016-12-01 08:00:00",286,89,8.69,21.33,15.5,0,75.06,15.27
"2016-12-02 08:00:00",287,89,11.5,23.57,16.75,0,104.8,14.01
"2016-12-03 08:00:00",288,89,13,21.54,16.25,0,132.4,10.86
"2016-12-04 08:00:00",289,89,11.33,23.88,16.69,0,127.5,19.39
"2016-12-05 08:00:00",290,89,13.03,23.37,17.97,0,153.5,26.88
"2016-12-06 08:00:00",291,89,13,26.97,19.29,0,92.8,19.84
"2016-12-07 08:00:00",292,89,13.78,24.08,19.17,0,128.4,23.4
"2016-12-08 08:00:00",293,89,15.31,22.18,18.63,5.4,160.5,14.17
"2016-12-09 08:00:00",294,89,13.78,19.27,17.12,1.9,62.18,5.463
"2016-12-10 08:00:00",295,89,18.06,25.17,20.3,1,151.3,18.47
"2016-12-11 08:00:00",296,89,10.76,21.34,16.42,6,104.2,7.603
"2016-12-12 08:00:00",297,89,12.56,21.1,15.85,0.8,201.7,20.18
"2016-12-13 08:00:00",298,89,11.98,21.33,15.8,1.6,252,19.51
"2016-12-14 08:00:00",299,89,11.54,22.28,15.97,0,180.7,21.08
"2016-12-15 08:00:00",300,89,13,19.3,16.68,0.1,136.8,8.55
"2016-12-16 08:00:00",301,89,12.93,22.49,17.31,1.5,188,13.19
"2016-12-17 08:00:00",302,89,13.61,22.08,17.09,0,314.4,26.57
"2016-12-18 08:00:00",303,89,9.17,23.78,16.47,0,159.1,27.22
"2016-12-19 08:00:00",304,89,12.86,23.03,18.29,0,102.2,20.59
"2016-12-20 08:00:00",305,89,9.68,23.44,16.38,0.6,158.1,11.72
"2016-12-21 08:00:00",306,89,10.15,23.98,16.98,0,167.3,27.8
"2016-12-22 08:00:00",307,89,15.48,24.22,19.47,0,151.1,26.38
"2016-12-23 08:00:00",308,89,12.93,24.29,19.82,8.8,209.8,21.97
"2016-12-24 08:00:00",309,89,11.44,21.37,15.41,7.2,204.2,18.02
"2016-12-25 08:00:00",310,89,14.56,21.98,17.29,0,260,18.03
"2016-12-26 08:00:00",311,89,14.56,22.15,17.37,0,225,13.84
"2016-12-27 08:00:00",312,89,10.28,24.9,16.92,0,137.8,19.64
"2016-12-28 08:00:00",313,89,12.63,22.45,17.57,0,133.6,13.82
"2016-12-29 08:00:00",314,89,12.9,23.78,17.02,0.3,171.4,11.95
"2016-12-30 08:00:00",315,89,10.42,20.69,15.48,0,173,13.89
"2016-12-31 08:00:00",316,89,10.35,25.85,17.3,0,132.7,24.05
"2017-01-01 08:00:00",317,89,12.22,23.68,18.03,0,89.4,18.39
"2017-01-02 08:00:00",318,89,16.33,24.36,19.9,0,129.1,18.35
"2017-01-03 08:00:00",319,89,18.74,24.29,20.38,4.5,124.5,9.24
"2017-01-04 08:00:00",320,89,15.96,24.83,19.49,4.2,167.5,12.48
"2017-01-05 08:00:00",321,89,12.49,20.96,16.48,0.4,315.6,17.22
"2017-01-06 08:00:00",322,89,6.999,22.62,15.22,0,154,28.11
"2017-01-07 08:00:00",323,89,11.57,23.61,16.89,0,159.2,21.53
"2017-01-08 08:00:00",324,89,14.8,24.56,18.16,0,226.1,23.08
"2017-01-09 08:00:00",325,89,14.36,21.84,17.42,0,191.7,13.95
"2017-01-10 08:00:00",326,89,15.11,25.99,19.35,0,152,20.76
"2017-01-11 08:00:00",327,89,18.5,24.05,20.42,0.1,94.9,11.93
"2017-01-12 08:00:00",328,89,14.63,24.97,19.65,0,46.29,16.42
"2017-01-13 08:00:00",329,89,18.13,25.1,20.99,0,161.4,21.43
"2017-01-14 08:00:00",330,89,13.1,24.59,17.58,1.2,152.7,18.11
"2017-01-15 08:00:00",331,89,18.49,27.38,22.14,0,149.9,23.36
"2017-01-16 08:00:00",332,89,14.77,25.31,19.3,0,167.8,9.3
"2017-01-17 08:00:00",333,89,14.39,24.97,19.04,0,299.3,25.19
"2017-01-18 08:00:00",334,89,13.82,25.72,18.9,0,198.2,24.42
"2017-01-19 08:00:00",335,89,16.36,27.99,20.18,0,168.1,15.9
"2017-01-20 08:00:00",336,89,11.4,21.23,15.77,8,132.6,9.62
"2017-01-21 08:00:00",337,89,8.59,22.83,15.13,0.2,155.1,18.44
"2017-01-22 08:00:00",338,89,15.99,22.93,18.96,18.7,412.6,18.85
"2017-01-23 08:00:00",339,89,14.12,24.87,18.36,0.5,240.7,19.74
"2017-01-24 08:00:00",340,89,13.95,26.09,18.48,0,217,18.41
"2017-01-25 08:00:00",341,89,13.31,27.58,19.41,0,162.7,24.54
"2017-01-26 08:00:00",342,89,12.22,23.38,17.13,3.9,223.7,10.24
"2017-01-27 08:00:00",343,89,12.63,25.95,18.34,0,173.1,22.57
"2017-01-28 08:00:00",344,89,13.24,26.97,19.39,0,198.5,24.91
"2017-01-29 08:00:00",345,89,12.25,28.13,19.24,0,177.7,23.23
"2017-01-30 08:00:00",346,89,12.59,30.13,19.38,0,154.9,22.8
"2017-01-31 08:00:00",347,89,17.39,28.33,21.63,0,195.7,23.26
"2017-02-01 08:00:00",348,89,13.27,30.3,20.61,0,135.7,19.78
"2017-02-02 08:00:00",349,89,16.3,28.43,20.49,0,109.6,15.34
"2017-02-03 08:00:00",350,89,18.06,29.32,21.68,1.2,152.6,14.26
"2017-02-04 08:00:00",351,89,10.35,28.33,18.58,0.4,137,15.56
"2017-02-05 08:00:00",352,89,14.6,28.03,20.25,0,225.2,23.48
"2017-02-06 08:00:00",353,89,12.12,29.72,20.01,0,159.9,21.34
"2017-02-07 08:00:00",354,89,17.22,32.55,23.15,0,140.9,22.01
"2017-02-08 08:00:00",355,89,18.17,33.6,23.17,0,168.1,16.12
"2017-02-09 08:00:00",356,89,13.92,24.36,18.67,1,174.9,8.71
"2017-02-10 08:00:00",357,89,11.33,25.38,17.95,2.4,98.7,15.77
"2017-02-11 08:00:00",358,89,11.64,26.87,18.44,0,84.3,14.09
"2017-02-12 08:00:00",359,89,9.58,27.62,18.17,0,156.3,21.77
"2017-02-13 08:00:00",360,89,17.11,27.75,21.9,1.5,187.8,12.79
"2017-02-14 08:00:00",361,89,17.28,28.06,21.06,1.3,143.2,7.846
"2017-02-15 08:00:00",362,89,16.71,22.33,18.3,3.7,122.1,5.741
"2017-02-16 08:00:00",363,89,13.78,27.75,18.37,8.4,205.7,13.03
"2017-02-17 08:00:00",364,89,14.63,20.16,18.66,42.2,135.6,2.881
"2017-02-18 08:00:00",365,89,17.52,25.21,20.03,3.9,109.6,9.43
"2017-02-19 08:00:00",366,89,19.65,28.5,22.23,0.3,92.1,12.04
"2017-02-20 08:00:00",367,89,17.39,27.25,21.62,5.1,134.8,13.35
"2017-02-21 08:00:00",368,89,15.52,27.35,20.62,0,141,15.82
"2017-02-22 08:00:00",369,89,13.61,27.45,20,0,92.8,17.67
"2017-02-23 08:00:00",370,89,15.75,29.35,20.71,0,173.2,16.42
"2017-02-24 08:00:00",371,89,16.6,31.59,21.55,0,99.6,14.52
"2017-02-25 08:00:00",372,89,15.24,29.28,20.91,0,69.48,14.04
"2017-02-26 08:00:00",373,89,14.9,29.59,20.49,0,146.4,14.55
"2017-02-27 08:00:00",374,89,13.31,29.22,20.27,0,145.2,18.09
"2017-02-28 08:00:00",375,89,15.18,28.81,21.41,0,101.9,18.37
"2017-03-01 08:00:00",376,89,14.94,28.33,20.65,0,84.9,13.26
"2017-03-02 08:00:00",377,89,16.13,28.57,20.77,0,68.27,10.97
"2017-03-03 08:00:00",378,89,12.83,28.13,18.99,0,162.2,15.3
"2017-03-04 08:00:00",379,89,13.1,29.08,19.49,0.4,123.7,17.81
"2017-03-05 08:00:00",380,89,16.84,27.42,20.57,0.6,135.8,10.98
"2017-03-06 08:00:00",381,89,12.25,28.54,18.94,0,138.7,11.59
"2017-03-07 08:00:00",382,89,13.68,27.75,19.2,0,131.7,16.2
"2017-03-08 08:00:00",383,89,14.84,23.96,19.6,31.1,163.9,4.834
"2017-03-09 08:00:00",384,89,14.87,20.34,17.34,5.3,179.3,5.402
"2017-03-10 08:00:00",385,89,19.45,24.05,20.75,0.3,253,10.41
"2017-03-11 08:00:00",386,89,18.16,23.45,20.51,107.1,216.5,3.818
"2017-03-12 08:00:00",387,89,19.48,23.96,21.4,5.1,240.1,7.522
"2017-03-13 08:00:00",388,89,17.69,23.51,19.76,61.7,89.8,5.856
"2017-03-14 08:00:00",389,89,12.42,25.17,17.96,0,87.3,12.66
"2017-03-15 08:00:00",390,89,11.23,25.21,16.74,0.4,158.6,13.07
"2017-03-16 08:00:00",391,89,9.3,24.59,16.37,0,183.7,16.72
"2017-03-17 08:00:00",392,89,11.74,26.53,17.81,0,71.2,16.17
"2017-03-18 08:00:00",393,89,15.55,26.6,19.45,0,68.36,12.31
"2017-03-19 08:00:00",394,89,12.56,26.09,18.12,0,171.6,12.42
"2017-03-20 08:00:00",395,89,9.71,28.67,17.54,0,90,15.37
"2017-03-21 08:00:00",396,89,16.19,26.9,19.16,0,185.7,11.65
"2017-03-22 08:00:00",397,89,17.62,23.71,19.53,0,244.8,11.01
"2017-03-23 08:00:00",0,89,17.66,26.29,20.02,0,89.9,3.874
"2017-03-24 08:00:00",1,89,13.41,24.9,18.12,0.1,117.2,10.81
"2017-03-25 08:00:00",2,89,15.99,23.47,19.35,0,71.12,9.86
"2017-03-26 08:00:00",3,89,17.79,23.81,20.16,0.1,171.2,9.25
"2017-03-27 08:00:00",4,89,17.62,23.58,19.8,35.3,211.8,7.739
"2017-03-28 08:00:00",5,89,17.39,24.83,20.25,5.1,82.4,9.69
"2017-03-29 08:00:00",6,89,-40,25.99,20.85,29.1,94.2,12.07
"2017-03-30 08:00:00",7,89,16.03,20.32,18.46,11.4,79.25,3.655
"2017-03-31 08:00:00",8,89,14.53,23.14,18.28,1.2,99.3,7.649
"2017-04-01 08:00:00",9,89,11.44,25.24,17.36,0,100,9.69
"2017-04-02 08:00:00",10,89,13.31,24.9,19.83,0.1,66.97,12.11
"2017-04-03 08:00:00",11,89,18.81,24.59,21.1,3,105.4,7.808
"2017-04-04 08:00:00",12,89,19.48,28.06,22.29,1.7,129.9,10.14
"2017-04-05 09:00:00",13,89,16.84,22.57,20.09,76.3,217.1,3.984
"2017-04-06 09:00:00",14,89,13.58,23.95,18.24,11.7,141.9,5.507
"2017-04-07 09:00:00",15,89,13.68,20.46,16.58,2.1,80.3,9.52
"2017-04-08 09:00:00",16,89,10.15,21.54,14.82,2.3,95.7,8.36
"2017-04-09 09:00:00",17,89,11.44,23.17,16.62,0,70.67,12
"2017-04-10 09:00:00",18,89,12.56,21.37,16.5,0,93.1,10.41
"2017-04-11 09:00:00",19,89,15.82,24.15,19.39,0,102.2,11.92
"2017-04-12 09:00:00",20,89,19.86,23.64,20.85,2.1,246.9,6.542
"2017-04-13 09:00:00",21,89,17.73,20.97,19.08,55.9,186.6,2.253
"2017-04-14 09:00:00",22,89,14.43,19.08,16.81,3.3,75.73,3.845
"2017-04-15 09:00:00",23,89,14.67,22.83,17.4,2.8,84.2,8.74
"2017-04-16 09:00:00",24,89,10.82,22.32,15.37,1.4,58.77,9.29
"2017-04-17 09:00:00",25,89,11.98,21.71,16.25,2.3,60.22,10.16
"2017-04-18 09:00:00",26,89,11.54,21.33,16,0.1,114.8,9.52
"2017-04-19 09:00:00",27,89,7.847,22.96,14.61,0.1,81.7,10.81
"2017-04-20 09:00:00",28,89,9.47,22.76,15.08,0.8,99.7,9.69
"2017-04-21 09:00:00",29,89,8.69,22.25,14.34,0,124.4,8.85
"2017-04-22 09:00:00",30,89,12.66,19.1,15.23,0,63.25,6.625
"2017-04-23 09:00:00",31,89,11.27,21.16,15.77,0,89.5,7.098
"2017-04-24 09:00:00",32,89,13.78,22.39,16.52,0,177,7.858
"2017-04-25 09:00:00",33,89,8.05,22.11,14.5,0,153.6,9.04
"2017-04-26 09:00:00",34,89,6.931,23.81,14.09,0.1,49.2,9.69
"2017-04-27 09:00:00",35,89,7.407,23.95,14.3,0.1,39.07,8.68
"2017-04-28 09:00:00",36,89,9.3,21.54,14.97,0.1,46.22,7.892
"2017-04-29 09:00:00",37,89,15.21,22.42,17.98,1.9,93.2,7.118
"2017-04-30 09:00:00",38,89,16.64,18.61,17.49,25.8,105,2.403
"2017-05-01 09:00:00",39,89,10.76,19.81,14.32,7.2,196.2,6.674
"2017-05-02 09:00:00",40,89,4.822,18.38,10.69,0,216.6,8.86
"2017-05-03 09:00:00",41,89,2.694,18.85,9.59,0,69.55,9.09
"2017-05-04 09:00:00",42,89,11.3,18.95,14.03,8.5,83.2,7.863
"2017-05-05 09:00:00",43,89,12.35,18.38,14.35,1.1,208.1,6.846
"2017-05-06 09:00:00",44,89,5.707,20.25,11.61,0.1,101,6.143
"2017-05-07 09:00:00",45,89,5.911,21.1,12.05,0.1,64.3,7.92
"2017-05-08 09:00:00",46,89,8.62,19.54,13.34,0,32.03,6.118
"2017-05-09 09:00:00",47,89,7.909,21.03,12.83,0,27.09,6.024
"2017-05-10 09:00:00",48,89,12.9,22.49,15.97,2.6,54.68,6.994
"2017-05-11 09:00:00",49,89,16.03,20.92,17.73,6.5,219.6,5.799
"2017-05-12 09:00:00",50,89,14.73,18.6,17.86,57.1,254.1,2.111
"2017-05-13 09:00:00",51,89,9.3,16.3,12.89,9.6,339.6,3.468
"2017-05-14 09:00:00",52,89,2.83,17.26,9.27,0.1,117.7,7.874
"2017-05-15 09:00:00",53,89,10.62,18.92,13.73,0,88,7.154
"2017-05-16 09:00:00",54,89,8.21,18.56,12.66,0,43.46,4.837
"2017-05-17 09:00:00",55,89,12.83,18.15,15.78,27.4,301.3,4.083
"2017-05-18 09:00:00",56,89,15.55,21.33,17.12,8.9,93.9,3.64
"2017-05-19 09:00:00",57,89,13.31,18.66,14.68,0.6,196.5,3.8
"2017-05-20 09:00:00",58,89,11.64,16.21,13.45,1.2,156.8,4.624
"2017-05-21 09:00:00",59,89,7.229,17.7,11.08,10,209.4,6.305
"2017-05-22 09:00:00",60,89,-0.435,16.85,6.758,0.1,64.13,7.356
"2017-05-23 09:00:00",61,89,-0.367,17.05,6.757,0.1,15.54,7.143
"2017-05-24 09:00:00",62,89,5.947,16.52,11.35,0.7,28.43,6.603
"2017-05-25 09:00:00",63,89,5.298,19.57,11.83,8.9,15.37,5.569
"2017-05-26 09:00:00",64,89,7.841,20.79,11.79,0.2,0.432,6.195
"2017-05-27 09:00:00",65,89,14.05,19.47,15.94,7.8,93.6,5.074
"2017-05-28 09:00:00",66,89,11.57,21.16,15.03,1.5,1.991,4.783
"2017-05-29 09:00:00",67,89,11.23,20.35,13.96,0.5,6.68,3.798
"2017-05-30 09:00:00",68,89,10.42,20.86,14.44,0,17.74,6.583
"2017-05-31 09:00:00",0,89,9.78,16.7,12.46,1.7,1.828,0.461
"2017-06-01 09:00:00",1,89,6.652,20.34,12.27,0.3,34.67,4.763
"2017-06-02 09:00:00",2,89,10.65,18.25,14.52,2.7,86.6,5.823
"2017-06-03 09:00:00",3,89,10.75,16.4,12.96,22.5,201.3,2.98
"2017-06-04 09:00:00",4,89,5.18,17.51,10.69,0,160,4.456
"2017-06-05 09:00:00",5,89,7.299,17.65,11.46,0.6,43.62,6.102
"2017-06-06 09:00:00",6,89,3.603,18.65,10.09,0.3,35.46,5.139
"2017-06-07 09:00:00",7,89,4.976,16.5,10.94,7.4,57.94,5.039
"2017-06-08 09:00:00",8,89,4.714,18.48,10.79,2.2,54.88,5.81
"2017-06-09 09:00:00",9,89,4.128,16.83,9.23,0.1,92.4,6.119
"2017-06-10 09:00:00",10,89,7.814,17.25,12.6,1,68.69,5.996
"2017-06-11 09:00:00",11,89,5.38,19.45,12.44,1,143.3,4.677
"2017-06-12 09:00:00",12,89,6.885,18.17,11.1,0.3,72.81,5.897
"2017-06-13 09:00:00",13,89,8.75,19.74,12.56,0.9,43.65,5.31
"2017-06-14 09:00:00",14,89,11.92,18.19,14.44,8.4,186.9,4.319
"2017-06-15 09:00:00",15,89,6.854,16.77,12.3,0.1,246.1,4.904
"2017-06-16 09:00:00",16,89,9.5,18.43,13.16,0.7,124.7,5.889
"2017-06-17 09:00:00",17,89,6.521,18.98,12.4,0.6,69.3,4.829
"2017-06-18 09:00:00",18,89,7.4,18.74,11.84,0.3,90.8,5.297
"2017-06-19 09:00:00",19,89,9.69,18.55,13.18,1.2,62.72,4.381
"2017-06-20 09:00:00",20,89,8.12,18.03,11.98,0.1,92.9,3.904
"2017-06-21 09:00:00",21,89,11.78,18.78,14.57,0,157.9,5.261
"2017-06-22 09:00:00",22,89,13.91,15.98,14.78,8.8,245.1,3.409
"2017-06-23 09:00:00",23,89,13.91,16.81,15.15,2.3,141.9,2.131
"2017-06-24 09:00:00",24,89,13.09,18.11,14.94,3.1,104.3,2.982
"2017-06-25 09:00:00",25,89,8.05,16.01,11.7,1.8,129.7,3.89
"2017-06-26 09:00:00",26,89,7.218,19.04,11.39,2.6,72.04,3.896
"2017-06-27 09:00:00",27,89,1.844,17.44,8.37,0.1,89.9,5.366
"2017-06-28 09:00:00",28,89,1.844,16.78,8.07,0.1,83.5,5.803
"2017-06-29 09:00:00",29,89,7.874,17.63,11.54,0,75.72,6.177
"2017-06-30 09:00:00",30,89,1.925,19.04,9,0.1,47.43,5.341
"2017-07-01 09:00:00",31,89,6.148,16.95,13.97,2.2,240.7,5.549
"2017-07-02 09:00:00",32,89,6.956,15.61,12.68,20.9,234.9,1.324
"2017-07-03 09:00:00",33,89,7.622,16.03,11.66,10.8,89.5,4.594
"2017-07-04 09:00:00",34,89,5.34,15.8,9.92,3.3,37.68,3.968
"2017-07-05 09:00:00",35,89,8.11,17.31,12.11,0,100,5.323
"2017-07-06 09:00:00",36,89,9.2,16.78,11.74,19.2,55.53,3.395
"2017-07-07 09:00:00",37,89,10.71,16.3,12.67,29.1,75.07,3.812
"2017-07-08 09:00:00",38,89,6.885,17.86,11.46,2.6,40.38,5.068
"2017-07-09 09:00:00",39,89,8.71,17.65,12.28,11.6,11.87,4.592
"2017-07-10 09:00:00",40,89,9.36,16.53,11.52,7.2,116.1,4.646
"2017-07-11 09:00:00",41,89,5.29,17.15,10.49,4.3,87.8,5.604
"2017-07-12 09:00:00",42,89,7.328,16.79,10.86,5.6,35.86,5.75
"2017-07-13 09:00:00",43,89,2.693,15.6,7.045,3,119.2,6.484
"2017-07-14 09:00:00",44,89,5.2,12.14,7.533,9.2,300,3.998
"2017-07-15 09:00:00",45,89,4.008,11.49,8.56,1.3,317.2,2.618
"2017-07-16 09:00:00",46,89,2.492,16.98,8.56,0.1,66.11,6.186
"2017-07-17 09:00:00",47,89,3.26,18.11,8.76,0,20.45,4.956
"2017-07-18 09:00:00",48,89,7.076,15.58,11.76,0,38.61,5.676
"2017-07-19 09:00:00",49,89,5.18,17.71,10.72,0.1,35.67,4.007
"2017-07-20 09:00:00",50,89,7.178,18.59,11.7,0.2,74.59,4.149
"2017-07-21 09:00:00",51,89,10.94,17.03,13.68,21.5,226.4,2.457
"2017-07-22 09:00:00",52,89,8.85,14.73,11.54,18.5,137.5,3.446
"2017-07-23 09:00:00",53,89,7.38,16.1,11.25,7.5,85.5,3.798
"2017-07-24 09:00:00",54,89,8.82,16.23,11.74,1.4,34.99,4.718
"2017-07-25 09:00:00",55,89,7.864,17.66,11.47,5.9,45.89,5.809
"2017-07-26 09:00:00",56,89,7.097,17.71,11.1,1.8,75.44,5.32
"2017-07-27 09:00:00",57,89,4.714,17.88,9.99,0.4,71.24,5.594
"2017-07-28 09:00:00",58,89,9.22,15.6,11.31,16.3,90.2,4.149
"2017-07-29 09:00:00",59,89,2.492,16.71,9.14,1.2,111.1,5.654
"2017-07-30 09:00:00",60,89,-1.879,12.97,5.106,0.1,135.1,7.524
"2017-07-31 09:00:00",61,89,-0.229,15.87,6.261,0.1,57.93,7.695
"2017-08-01 09:00:00",62,89,4.552,14.98,8.83,0,45.81,7.484
"2017-08-02 09:00:00",63,89,9.01,16.9,11.29,9.6,52.74,4.319
"2017-08-03 09:00:00",64,89,10.44,16.16,12.92,1.9,181,4.561
"2017-08-04 09:00:00",65,89,2.734,15.11,8.7,0,132,4.888
"2017-08-05 09:00:00",66,89,2.097,15.43,7.514,0,54.41,7.708
"2017-08-06 09:00:00",67,89,8.65,15.74,12.01,0.1,148.3,7.248
"2017-08-07 09:00:00",68,89,12.8,16.79,13.83,6.1,168.4,6.069
"2017-08-08 09:00:00",69,89,12.18,19.8,15.12,0.8,76.47,5.553
"2017-08-09 09:00:00",70,89,14.08,17.69,15.06,8.4,261.6,4.291
"2017-08-10 09:00:00",71,89,10,16.04,13.31,8.7,100.3,2.025
"2017-08-11 09:00:00",72,89,8.04,16.93,11.49,6.9,88.5,6.451
"2017-08-12 09:00:00",73,89,10.79,16.33,13.28,3.1,151.8,6.852
"2017-08-13 09:00:00",74,89,7.036,17.78,13.59,0.1,117.9,4.629
"2017-08-14 09:00:00",75,89,7.884,18.58,13.06,9.1,69,6.305
"2017-08-15 09:00:00",76,89,6.088,15.86,10.59,9.8,107.3,6.308
"2017-08-16 09:00:00",77,89,5.976,17.17,10.79,0.1,87.3,8.68
"2017-08-17 09:00:00",78,89,7.672,17.28,11.98,0,99.1,8.57
"2017-08-18 09:00:00",79,89,7.581,17.27,12.85,2.6,73.52,4.069
"2017-08-19 09:00:00",80,89,8.89,17.08,13.1,0.6,89.9,6.043
"2017-08-20 09:00:00",81,89,9.82,17.89,11.95,10.1,117.5,5.302
"2017-08-21 09:00:00",82,89,7.53,16.76,11.67,1.4,108,7.655
"2017-08-22 09:00:00",83,89,4.674,17.37,10.31,0,108.4,9.44
"2017-08-23 09:00:00",84,89,1.035,17.01,8.7,0.1,86.2,9.76
"2017-08-24 09:00:00",85,89,4.361,17.43,10.44,0,68.27,10.62
"2017-08-25 09:00:00",86,89,6.158,17.69,11.3,0.1,80.7,10.88
"2017-08-26 09:00:00",87,89,7.338,17.51,11.99,0.1,109.5,10.94
"2017-08-27 09:00:00",88,89,12.28,19.15,14.36,0.8,233.1,9.09
"2017-08-28 09:00:00",89,89,13.69,16.99,14.72,9.2,378.2,5.109
"2017-08-29 09:00:00",90,89,8.76,17.85,13.5,4.8,64.92,6.359
"2017-08-30 09:00:00",91,89,7.581,19.88,12.93,10.2,68.45,8.23
"2017-08-31 09:00:00",92,89,11.45,18.19,13.4,18.2,91.1,6.772
"2017-09-01 09:00:00",93,89,7.349,18.63,12.98,1,47.14,9.06
"2017-09-02 09:00:00",94,89,11.35,18.07,13.8,15.5,132.7,7.677
"2017-09-03 09:00:00",95,89,9.68,16.87,12.1,7.5,203.2,6.746
"2017-09-04 09:00:00",96,89,9.27,16.7,12.43,0,229.6,9.79
"2017-09-05 09:00:00",97,89,8.84,17.87,12.93,0,132,9.83
"2017-09-06 09:00:00",98,89,12.39,18.64,14.66,8.7,115.5,7.142
"2017-09-07 09:00:00",99,89,12.36,16.12,14.16,3.4,137.5,4.112
"2017-09-08 09:00:00",100,89,9.15,17.47,12.85,2.4,173,8.62
"2017-09-09 09:00:00",101,89,10.95,17.31,13.49,4.3,166.2,8.63
"2017-09-10 09:00:00",102,89,5.572,15.53,9.74,9.6,92.9,8.28
"2017-09-11 09:00:00",103,89,6.794,14.11,9.81,6.2,156.3,7.619
"2017-09-12 09:00:00",104,89,7.46,14.52,10.32,5,133.4,7.903
"2017-09-13 09:00:00",105,89,8.49,16.83,12.19,0.7,148.2,11.65
"2017-09-14 09:00:00",106,89,13.76,18.35,15.79,0.3,186.9,10.87
"2017-09-15 09:00:00",107,89,12,18.74,15.56,0,111.7,6.511
"2017-09-16 09:00:00",108,89,11.27,21.15,15.87,6.8,236.4,11.86
"2017-09-17 09:00:00",109,89,5.946,17.51,11.74,3,70.85,10.54
"2017-09-18 09:00:00",110,89,8.17,19,13.08,14.3,121.2,11.53
"2017-09-19 09:00:00",111,89,8.65,14.6,10.77,6,108.5,10.79
"2017-09-20 09:00:00",112,89,3.603,17.19,10.22,0,113.3,13.99
"2017-09-21 09:00:00",113,89,10,20.06,13.86,4,26.27,11.94
"2017-09-22 09:00:00",114,89,8.21,17.91,12.46,6.2,53.18,12.05
"2017-09-23 09:00:00",115,89,10.05,17.33,13.02,0.1,175.1,12.97
"2017-09-24 09:00:00",116,89,11.18,19.02,14.37,0,120.8,11.81
"2017-09-25 09:00:00",117,89,11.94,19.58,15,0,8.78,9.04
"2017-09-26 09:00:00",118,89,14.23,18.53,16.19,0,130.8,8.76
"2017-09-27 08:00:00",119,89,12.36,19.64,15.46,8.3,80.4,3.961
"2017-09-28 08:00:00",120,89,11.76,20.26,14.52,9,130.4,11.79
"2017-09-29 08:00:00",121,89,7.51,20.85,13.62,0.3,112.8,12.87
"2017-09-30 08:00:00",122,89,10.75,17.87,13.67,0,43.95,8.76
"2017-10-01 08:00:00",123,89,6.956,18.43,12.98,4.7,118.8,8.46
"2017-10-02 08:00:00",124,89,9.83,16.01,12.3,22.5,222.8,7.429
"2017-10-03 08:00:00",125,89,11.79,17.15,14.03,1.2,205,8.9
"2017-10-04 08:00:00",126,89,12.23,19.02,14.28,0,161.8,9.55
"2017-10-05 08:00:00",127,89,11.67,18.99,14.36,0,199.5,10.62
"2017-10-06 08:00:00",128,89,10.57,20.28,15.28,0,154.8,10.72
"2017-10-07 08:00:00",129,89,12.04,19.72,15.5,0.8,73.52,9.3
"2017-10-08 08:00:00",130,89,13.7,18.75,15.54,13.6,310.2,7.549
"2017-10-09 08:00:00",131,89,13.17,20.94,15.8,6.2,90,8.05
"2017-10-10 08:00:00",132,89,13.27,20.09,15.8,0.2,140.9,9.49
"2017-10-11 08:00:00",133,89,12.58,19.3,15.53,3,134.7,12
"2017-10-12 08:00:00",134,89,10.2,18.21,13.59,2,144.4,11.12
"2017-10-13 08:00:00",135,89,9.32,18.65,13.85,0,155.4,13.35
"2017-10-14 08:00:00",136,89,13.6,18.5,15.47,4.8,165.4,10.92
"2017-10-15 08:00:00",137,89,8.61,21.95,14.86,0.3,138.3,15.11
"2017-10-16 08:00:00",138,89,10.9,18,13.7,0,248.1,12.17
"2017-10-17 08:00:00",139,89,12.53,18.12,14.75,0,235.1,12.34
"2017-10-18 08:00:00",0,89,11.74,18.05,14.24,0.798,250.4,14.31
"2017-10-19 08:00:00",1,89,4.826,19.05,13,0,224.5,15.74
"2017-10-20 08:00:00",2,89,12.42,18.62,14.75,0,227.6,18.76
"2017-10-21 08:00:00",3,89,12.34,18.47,14.72,0.114,190.1,9.48
"2017-10-22 08:00:00",4,89,13.25,18.53,14.93,0,168,8.18
"2017-10-23 08:00:00",5,89,10.91,17.49,14.1,5.7,115.3,5.158
"2017-10-24 08:00:00",6,89,7.167,18.93,13.65,8.09,103.6,7.533
"2017-10-25 08:00:00",7,89,11.03,20.21,14.77,1.596,128.9,11.63
"2017-10-26 08:00:00",8,89,12.67,18.82,15.05,0,135.4,9.78
"2017-10-27 08:00:00",9,89,15.18,20.04,16.46,1.824,148.3,8.45
"2017-10-28 08:00:00",10,89,15.3,19.34,16.36,14.48,86,5.793
"2017-10-29 08:00:00",11,89,15.41,19.56,16.7,0.228,119.7,4.949
"2017-10-30 08:00:00",12,89,14.79,21.7,17.41,1.254,199.1,14.47
"2017-10-31 08:00:00",13,89,11.23,21.14,16.38,0,178.7,16.34
"2017-11-01 08:00:00",14,89,14.27,21.95,17.26,0,210.8,18.13
"2017-11-02 08:00:00",15,89,14.94,20.1,16.81,0.228,270.2,13.74
"2017-11-03 08:00:00",16,89,15.81,21.51,17.66,2.622,314,16.14
"2017-11-04 08:00:00",17,89,16.62,22.27,18.34,0.228,223.2,10.97
"2017-11-05 08:00:00",18,89,12.7,20.6,16.68,7.98,25.81,6.656
"2017-11-06 08:00:00",19,89,11.23,23.53,16.97,0,77.31,16.78
"2017-11-07 08:00:00",20,89,6.038,19.91,12.99,0,151.1,17.3
"2017-11-08 08:00:00",21,89,14.54,19.48,17.47,9.35,321.7,19.38
"2017-11-09 08:00:00",22,89,9.44,18.57,14.08,0.228,191.5,12.29
"2017-11-10 08:00:00",23,89,10.03,21.17,15.24,0,203.8,19.09
"2017-11-11 08:00:00",24,89,11.43,18.99,14.7,0,269.7,12.17
"2017-11-12 08:00:00",25,89,9.73,19.15,14.24,0,230.8,13.45
"2017-11-13 08:00:00",26,89,6.743,19.71,13.86,0,167.1,23.24
"2017-11-14 08:00:00",27,89,9.62,20.85,15.94,0,96.3,19.49
"2017-11-15 08:00:00",28,89,8.77,20.4,13.81,9.01,77.46,15.02
"2017-11-16 08:00:00",29,89,9.22,20.45,15.35,0,114.3,18.45
"2017-11-17 08:00:00",30,89,12.8,22.43,16.92,0,139.7,23.73
"2017-11-18 08:00:00",31,89,13.85,24.84,17.49,0,263.3,16.24
"2017-11-19 08:00:00",32,89,11.57,21.45,15.05,9.46,268.7,8.87
"2017-11-20 08:00:00",33,89,13.09,22.33,16.44,0.798,277,15.75
"2017-11-21 08:00:00",34,89,10.73,26.56,18.37,0,121.5,21.03
"2017-11-22 08:00:00",35,89,13.75,26.13,18.93,0,143.7,21.06
"2017-11-23 08:00:00",36,89,10.52,23.65,17.22,0,122,23.43
"2017-11-24 08:00:00",37,89,12.89,26.3,18.84,0,147,22.76
"2017-11-25 08:00:00",38,89,13.97,26.19,19.33,0,160.5,19.22
"2017-11-26 08:00:00",39,89,15.43,22.74,18.59,0,103.2,13.72
"2017-11-27 08:00:00",40,89,13.26,23.05,18.2,0,127.3,16.1
"2017-11-28 08:00:00",41,89,15.5,24.41,19.35,0,144,20.44
"2017-11-29 08:00:00",0,89,13.28,24.21,18.85,0,103.7,17.56
"2017-11-30 08:00:00",1,89,14.86,24.88,18.71,16.64,77.14,17.33
"2017-12-01 08:00:00",2,89,13.17,24.9,18.43,2.85,55.1,15.5
"2017-12-02 08:00:00",3,89,11.95,24.03,18.48,0,137.9,20.79
"2017-12-03 08:00:00",4,89,12.12,23.98,18.39,0,119.7,26.79
"2017-12-04 08:00:00",5,89,13.28,26.09,20.08,0,120.8,25.98
"2017-12-05 08:00:00",6,89,16.07,27.66,20.98,0,137.3,23.89
"2017-12-06 08:00:00",7,89,15.47,25.1,20.39,0,77.68,16.39
"2017-12-07 08:00:00",0,89,13.95,26.73,20.65,0,110.5,20.71
"2017-12-08 08:00:00",1,89,16.63,25.9,21.24,0,168.6,23.87
"2017-12-09 08:00:00",2,89,18.07,25.63,21.21,0.57,188.5,19.66
"2017-12-10 08:00:00",3,89,15.5,25.79,20.73,0,180.7,24.42
"2017-12-11 08:00:00",4,89,17.55,26.23,20.29,0.684,69.83,12.27
"2017-12-12 08:00:00",5,89,17.58,27.61,21.81,0,93.4,20.72
"2017-12-13 08:00:00",6,89,17.51,26.74,21.41,1.254,217.1,25.95
"2017-12-14 08:00:00",7,89,14.49,26.37,19.93,0,201.8,20.72
"2017-12-15 08:00:00",8,89,14.73,26.75,21,0,168.5,24.29
"2017-12-16 08:00:00",9,89,13.62,25.77,19.3,0,87.7,14.81
"2017-12-17 08:00:00",10,89,17.33,26.74,21.5,0,172.2,21.59
"2017-12-18 08:00:00",11,89,15.46,28.38,21.05,0,78.65,15.74
"2017-12-19 08:00:00",12,89,14.6,27.36,19.93,0,81.5,12.5
"2017-12-20 08:00:00",13,89,16.95,24.93,20.16,0,206.4,18.83
"2017-12-21 08:00:00",14,89,15.23,23.61,19.11,0,329.6,24.62
"2017-12-22 08:00:00",15,89,15.86,25.29,20.64,0,188.2,23.89
"2017-12-23 08:00:00",16,89,17.98,27.63,21.44,0,194.7,16.46
"2017-12-24 08:00:00",17,89,17.95,25.15,20.81,0,232,23.39
"2017-12-25 08:00:00",18,89,15.02,25.41,20.5,0,174,22.96
"2017-12-26 08:00:00",19,89,17.53,25.56,20.69,0,175.2,18.29
"2017-12-27 08:00:00",20,89,15.39,23.95,19.03,0,189.6,14.35
"2017-12-28 08:00:00",21,89,11.69,25.63,18.43,0,292.2,23.75
"2017-12-29 08:00:00",22,89,14.5,22.37,17.95,0,386.8,26.6
"2017-12-30 08:00:00",23,89,14.41,25.2,19.27,0,188.3,27.15
"2017-12-31 08:00:00",24,89,10.87,27.18,18.9,0,145.1,24.68
"2018-01-01 08:00:00",25,89,16.75,25.58,20.32,0,68.66,13.55
"2018-01-02 08:00:00",26,89,16.53,25.54,20.1,0,76.97,10.8
"2018-01-03 08:00:00",27,89,16.64,27.45,22.05,0,157.7,26.82
"2018-01-04 08:00:00",28,89,20.83,26.72,22.64,0,192.9,14.69
"2018-01-05 08:00:00",29,89,18.92,21.79,20.51,0,400.7,4.501
"2018-01-06 08:00:00",30,89,17.99,21.48,19.05,0,201.4,6.1
"2018-01-07 08:00:00",31,89,16.75,22.59,19.76,0,104,11.14
"2018-01-08 08:00:00",32,89,16.11,24.34,19.67,0,201,21.82
"2018-01-09 08:00:00",33,89,13.23,25.2,19.44,0,152,25.5
"2018-01-10 08:00:00",34,89,14.97,26.78,21.04,0,113.5,24.16
"2018-01-11 08:00:00",35,89,16.33,27.44,21.64,0,82.6,22.45
"2018-01-12 08:00:00",36,89,17.12,27.38,22.13,0,73.28,20.77
"2018-01-13 08:00:00",37,89,20.02,29.27,23.26,0,142.4,20.95
"2018-01-14 08:00:00",38,89,19.68,27.56,22.56,0,200.4,22.93
"2018-01-15 08:00:00",39,89,19.46,26.34,22.35,0,201.7,20.1
"2018-01-16 08:00:00",40,89,19.81,26.04,22.39,0,286.5,16.71
"2018-01-17 08:00:00",41,89,19.13,25.56,21.36,0,385.1,14.74
"2018-01-18 08:00:00",42,89,19.28,25.41,21.41,0,398,12.89
"2018-01-19 08:00:00",43,89,19.08,21.07,20.02,0,318.2,3.174
"2018-01-20 08:00:00",44,89,20.24,26.79,22.6,0,232.1,19.41
"2018-01-21 08:00:00",45,89,20.28,27.51,22.98,0,133.2,18.91
"2018-01-22 08:00:00",46,89,19.2,27.85,22.71,0,180.1,17.39
"2018-01-23 08:00:00",47,89,18.79,25.54,22.09,0,72.46,10.2
"2018-01-24 08:00:00",48,89,19.15,27.18,22.55,0,67.41,15.52
"2018-01-25 08:00:00",49,89,17.98,27.8,22.72,0,134.1,22.69
"2018-01-26 08:00:00",50,89,20.88,28.41,23.44,0,131.8,18.23
"2018-01-27 08:00:00",51,89,17.63,28.71,22.79,0,50.21,13.26
"2018-01-28 08:00:00",52,89,17.62,28.68,22.98,0,60.21,12.67
"2018-01-29 08:00:00",53,89,18.88,28.88,23.51,0,104.7,18.88
"2018-01-30 08:00:00",54,89,18.95,28.86,23.63,0,132.8,20.46
"2018-01-31 08:00:00",55,89,19.83,27.7,22.84,0,222.1,20.52
"2018-02-01 08:00:00",56,89,21.33,27.04,23.3,0,394.8,18.4
"2018-02-02 08:00:00",57,89,15.63,22.5,20.34,0,185.8,2.895
"2018-02-03 08:00:00",58,89,13.57,24.51,18.57,6.726,164.3,19.85
"2018-02-04 08:00:00",59,89,14.56,23.04,17.16,37.96,161.7,9
"2018-02-05 08:00:00",60,89,15.84,23.49,19.24,14.14,81,14.29
"2018-02-06 08:00:00",61,89,12.57,24.77,18.5,15.96,87.2,15.2
"2018-02-07 08:00:00",62,89,16.03,23.83,19.78,0,216.4,17.61
"2018-02-08 08:00:00",63,89,14.79,26.79,20.58,0,215.6,20.01
"2018-02-09 08:00:00",64,89,15.31,23.1,18.68,14.82,188.8,11.5
"2018-02-10 08:00:00",65,89,16.1,21.38,19.58,9.12,138.2,6.841
"2018-02-11 08:00:00",66,89,21.36,22.87,21.97,19.95,224.9,3.822
"2018-02-12 08:00:00",67,89,18.98,23.27,21.83,46.63,170.5,4.056
"2018-02-13 08:00:00",68,89,22.26,28.22,24.19,18.13,192.3,19.01
"2018-02-14 08:00:00",69,89,20.88,23.75,22.14,12.31,142,4.34
"2018-02-15 08:00:00",70,89,18.19,26.39,22.04,6.612,142.1,10.45
"2018-02-16 08:00:00",71,89,15.16,26.74,20.66,0,158.4,21.87
"2018-02-17 08:00:00",72,89,17.61,29.32,22.87,0,92.5,21.29
"2018-02-18 08:00:00",73,89,18.51,26.23,22.61,0,109.1,11.14
"2018-02-19 08:00:00",74,89,21.61,27.89,23.6,0,75.52,11.76
"2018-02-20 08:00:00",75,89,20.52,27.75,23.35,2.622,140.1,10.22
"2018-02-21 08:00:00",76,89,17.97,27.36,22.55,8.78,204,14.75
"2018-02-22 08:00:00",77,89,13.49,24,18.51,6.042,89.7,15.56
"2018-02-23 08:00:00",78,89,12.66,23.99,18.01,1.14,94.8,15.68
"2018-02-24 08:00:00",79,89,13.47,25.31,18.98,0,155.3,20.26
"2018-02-25 08:00:00",80,89,12.03,26.18,18.57,0,119,20.09
"2018-02-26 08:00:00",81,89,13.55,26.79,19.6,0,86.1,16.55
"2018-02-27 08:00:00",82,89,19.01,26.76,21.54,0.228,82.3,17.64
"2018-02-28 08:00:00",83,89,19.4,24.48,20.91,0.228,243.8,10.5
"2018-03-01 08:00:00",84,89,18.68,23.47,20.84,2.85,238.4,10.57
"2018-03-02 08:00:00",85,89,19.28,25.16,21.2,6.84,185.4,11.77
"2018-03-03 08:00:00",86,89,17.77,25.46,21.38,0.57,167.5,12.42
"2018-03-04 08:00:00",87,89,19.8,26.07,22.04,0,200.1,15.26
"2018-03-05 08:00:00",88,89,16.37,26.94,20.96,0,103.5,12.76
"2018-03-06 08:00:00",89,89,15.38,28.26,21.25,0,62.25,14.44
"2018-03-07 08:00:00",90,89,20.06,27.86,23.33,1.824,108.3,11.92
"2018-03-08 08:00:00",91,89,13.91,26.22,19.24,8.66,96.1,13.38
"2018-03-09 08:00:00",92,89,15.51,22.06,18.54,2.28,76.8,7.896
"2018-03-10 08:00:00",93,89,12.32,27,19.64,0,153.7,17.05
"2018-03-11 08:00:00",94,89,13.93,25.38,19.57,0,45.68,14.47
"2018-03-12 08:00:00",95,89,15.04,23.11,18.53,0,172.5,13.5
"2018-03-13 08:00:00",96,89,15.62,18.47,16.99,19.27,273.9,2.682
"2018-03-14 08:00:00",97,89,13.57,24.29,18.93,2.736,77.08,12.15
"2018-03-15 08:00:00",98,89,10.55,24.23,16.78,0,108.7,14.7
"2018-03-16 08:00:00",99,89,11.53,23.25,16.99,0,1.564,11.31
"2018-03-17 08:00:00",100,89,13.25,24.57,18,0,13.12,11.24
"2018-03-18 08:00:00",101,89,15.85,23.56,19.63,0.114,60.79,8.95
"2018-03-19 08:00:00",102,89,14.79,24.23,18.49,0,101.5,14.39
"2018-03-20 08:00:00",103,89,14.42,23.64,18.48,3.762,87,11.27
"2018-03-21 08:00:00",104,89,13.36,25.52,18.6,0.456,93.1,14.39
"2018-03-22 08:00:00",105,89,12.82,25.63,18.43,2.508,67.24,13.22
"2018-03-23 08:00:00",106,89,15.16,25.54,19.56,0,83.8,15.55
"2018-03-24 08:00:00",107,89,16.93,22.47,18.62,33.52,155.8,8.82
"2018-03-25 08:00:00",108,89,16.4,23.94,18.35,11.29,82.9,8.78
"2018-03-26 08:00:00",109,89,13.01,24.72,17.84,0,75.89,13.84
"2018-03-27 08:00:00",110,89,14.55,25.51,20.24,0,111.9,11.78
"2018-03-28 08:00:00",111,89,14.05,25.04,19.48,0,105.5,13.71
"2018-03-29 08:00:00",112,89,16.58,24.09,19.66,0,72.91,8.76
"2018-03-30 08:00:00",113,89,16.29,26.89,20.33,0.798,55.15,13.04
"2018-03-31 08:00:00",114,89,13.81,24.16,18.2,2.964,77.23,8.91
"2018-04-01 08:00:00",115,89,14.73,24.5,19.81,0,96.7,11.7
"2018-04-02 08:00:00",116,89,11.01,23.47,16.83,0,111.2,13.21
"2018-04-03 08:00:00",117,89,10.93,23.59,16.88,0,88.1,12.12
"2018-04-04 08:00:00",118,89,13.08,24.9,17.83,0,50.78,9.96
"2018-04-05 09:00:00",119,89,13.75,26.36,19.05,1.14,84.1,11.65
"2018-04-06 09:00:00",120,89,10.75,23.57,17.43,0,145.7,11.76
"2018-04-07 09:00:00",121,89,11.59,25,17.59,0,66.49,6.816
"2018-04-08 09:00:00",122,89,9.92,25.13,17.28,0.912,98.9,10.36
"2018-04-09 09:00:00",123,89,8.77,23.39,16.15,0,74.15,13.03
"2018-04-10 09:00:00",124,89,15.96,22.5,19.19,4.218,89.4,7.329
"2018-04-11 09:00:00",125,89,8,21.33,14.41,23.6,342.1,5.741
"2018-04-12 09:00:00",126,89,7.994,15.43,11.07,4.56,295.9,5.091
"2018-04-13 09:00:00",127,89,13.14,19.24,15.38,4.674,177.7,9.34
"2018-04-14 09:00:00",128,89,14.68,20.36,17.63,70,108.2,9.14
"2018-04-15 09:00:00",129,89,14.59,20.92,17.91,16.76,22.71,2.824
"2018-04-16 09:00:00",130,89,16.22,23.39,18.62,1.71,6.582,5.387
"2018-04-17 09:00:00",131,89,13.58,22.79,17.81,2.166,75.06,6.259
"2018-04-18 09:00:00",132,89,15.53,24.08,19.08,4.674,41.27,9.5
"2018-04-19 09:00:00",133,89,9.66,20.13,14.54,1.14,69.42,9.03
"2018-04-20 09:00:00",134,89,11.28,21.13,15.37,0,30.97,6.991
"2018-04-21 09:00:00",135,89,11.76,21.79,15.89,1.254,28.91,9.96
"2018-04-22 09:00:00",136,89,12.2,21,16.91,5.928,48.62,7.881
"2018-04-23 09:00:00",137,89,10.46,20.92,15.32,0,115.1,9.02
"2018-04-24 09:00:00",138,89,13.01,18.38,15.16,0,57.17,5.625
"2018-04-25 09:00:00",139,89,8.33,18.49,13.7,0.342,32.06,6.422
"2018-04-26 09:00:00",140,89,6.885,21.39,13.17,0.114,82.5,9.38
"2018-04-27 09:00:00",141,89,9.7,21.01,15.27,0,30.13,6.616
"2018-04-28 09:00:00",142,89,14.04,20.6,18.22,2.394,269,6.368
"2018-04-29 09:00:00",143,89,17.05,19.13,17.99,27.25,278.8,2.138
"2018-04-30 09:00:00",144,89,14.39,22.5,18.45,0.228,190.3,8.18
"2018-05-01 09:00:00",145,89,13.84,22,17.45,3.762,127.9,7.062
"2018-05-02 09:00:00",146,89,13.67,22.04,17.47,0,209.7,7.565
"2018-05-03 09:00:00",147,89,6.238,22.45,14.35,0,84.4,9.15
"2018-05-04 09:00:00",148,89,4.734,18.87,11.25,0,7.298,9.38
"2018-05-05 09:00:00",149,89,7.814,20.53,13.21,0,1.571,8.6
"2018-05-06 09:00:00",150,89,11.07,19.43,14.69,3.99,4.661,5.062
"2018-05-07 09:00:00",151,89,11.53,21.1,15.13,0.342,32.35,5.403
"2018-05-08 09:00:00",152,89,9.32,19.82,14.9,0,118.3,8.27
"2018-05-09 09:00:00",153,89,9.38,20.28,14.61,0,76.74,8.62
"2018-05-10 09:00:00",154,89,8.89,21.93,14.81,0.114,83.6,8.89
"2018-05-11 09:00:00",155,89,14.28,19.42,16.74,0.114,36.27,6.28
"2018-05-12 09:00:00",156,89,16.33,20.66,17.84,4.674,39.2,2.748
"2018-05-13 09:00:00",157,89,16.69,18.86,17.56,26.45,24.28,1.7
"2018-05-14 09:00:00",158,89,16.13,23.67,18.5,3.192,9.96,5.144
"2018-05-15 09:00:00",159,89,16.74,23.54,18.89,0,17.16,6.624
"2018-05-16 09:00:00",160,89,14.31,21.66,17.69,0.114,126.6,5.463
"2018-05-17 09:00:00",161,89,11.63,21.65,15.48,4.788,61.92,6.387
"2018-05-18 09:00:00",162,89,7.823,18.37,12.24,1.368,55.17,6.864
"2018-05-19 09:00:00",163,89,8.7,19.33,13.12,0.228,40.8,6.292
"2018-05-20 09:00:00",164,89,7.338,19.32,13.22,15.16,53.69,6.656
"2018-05-21 09:00:00",165,89,9.65,19.7,14.54,34.77,45.22,7.66
"2018-05-22 09:00:00",166,89,10.99,20.2,14.77,3.306,56.9,6.109
"2018-05-23 09:00:00",167,89,10.61,19.55,15.01,24.05,90.3,4.748
"2018-05-24 09:00:00",168,89,8.23,15.23,10.75,11.17,55,3.44
"2018-05-25 09:00:00",169,89,10.86,17.06,13.8,17.67,87.1,5.724
"2018-05-26 09:00:00",170,89,6.076,16.56,10.64,10.83,97.4,5.424
"2018-05-27 09:00:00",171,89,11.33,16.2,13,3.534,182.4,6.931
"2018-05-28 09:00:00",172,89,5.432,17.35,11.21,9.35,128.6,5.661
"2018-05-29 09:00:00",173,89,1.196,13.23,7.103,0,146.9,5.069
"2018-05-30 09:00:00",174,89,-0.036,14.77,6.228,0,75.56,7.101
"2018-05-31 09:00:00",175,89,0.256,15.12,6.523,0.114,64.02,7.212
"2018-06-01 09:00:00",176,89,0.702,15.86,7.089,0.114,71.6,6.987
"2018-06-02 09:00:00",177,89,8.35,17.07,13.27,0,72.71,6.65
"2018-06-03 09:00:00",178,89,13.04,15.92,15.02,11.86,240.4,2.131
"2018-06-04 09:00:00",179,89,11.51,16.46,13.81,34.54,56.23,2.362
"2018-06-05 09:00:00",180,89,13.72,16.72,14.57,41.95,62.97,1.807
"2018-06-06 09:00:00",181,89,9.91,17.16,13.76,0.57,142.6,4.84
"2018-06-07 09:00:00",182,89,5.624,13.69,8.48,6.726,49.53,3.225
"2018-06-08 09:00:00",183,89,8.11,13.14,10.81,0,182.6,6.885
"2018-06-09 09:00:00",184,89,3.775,16.76,9.26,0.228,20.72,6.626
"2018-06-10 09:00:00",185,89,6.39,17.7,10.76,0.114,6.338,6.669
"2018-06-11 09:00:00",186,89,9.04,14.21,10.92,0,25.65,3.044
"2018-06-12 09:00:00",187,89,9.76,12.44,11.32,40.36,318.3,1.934
"2018-06-13 09:00:00",188,89,11.82,15.06,13.21,4.902,110.4,3.077
"2018-06-14 09:00:00",189,89,6.875,17.26,11.7,1.254,44.28,5.161
"2018-06-15 09:00:00",190,89,5.4,18.82,10.53,0.57,47.38,5.911
"2018-06-16 09:00:00",191,89,10.66,17.79,13.75,1.824,27.42,5.523
"2018-06-17 09:00:00",192,89,9.23,19.84,14.94,7.068,67.61,6.233
"2018-06-18 09:00:00",193,89,8.63,18.51,12.46,0,29.34,5.656
"2018-06-19 09:00:00",194,89,10.06,19.43,13.51,2.394,71.73,3.553
"2018-06-20 09:00:00",195,89,10.76,18.93,13.22,0,66.91,5.686
"2018-06-21 09:00:00",196,89,9.26,12.4,10.76,13.45,163.5,1.363
"2018-06-22 09:00:00",197,89,3.179,12.04,7.915,2.394,160.2,2.807
"2018-06-23 09:00:00",198,89,3.542,15.36,8.41,0.114,56.65,6.25
"2018-06-24 09:00:00",199,89,6.128,16.89,10.45,2.964,25.73,4.376
"2018-06-25 09:00:00",200,89,9.71,16.43,12.52,36.37,62.43,4.749
"2018-06-26 09:00:00",201,89,6.946,13.38,9.52,10.03,55.44,2.927
"2018-06-27 09:00:00",202,89,-0.32,12.22,5.435,14.36,101.8,2.522
"2018-06-28 09:00:00",203,89,2.239,15.22,7.089,0.798,29.94,6.374
"2018-06-29 09:00:00",204,89,5.805,14.77,9.57,3.078,24.36,5.011
"2018-06-30 09:00:00",205,89,-0.461,13.26,5.084,0.342,50.66,4.892
"2018-07-01 09:00:00",206,89,2.886,15.94,7.874,0,0.321,6.487
"2018-07-02 09:00:00",207,89,7.551,13.39,11.42,8.32,39.48,2.379
"2018-07-03 09:00:00",208,89,3.664,17.6,10.54,2.166,61.17,5.001
"2018-07-04 09:00:00",209,89,-0.624,14.45,6.12,0.114,99.3,6.417
"2018-07-05 09:00:00",210,89,2.997,14.55,10.8,0,81.7,6.661
"2018-07-06 09:00:00",211,89,4.916,13.81,9.65,0,33.79,3.718
"2018-07-07 09:00:00",212,89,3.422,16.14,8.52,0,22.18,6.275
"2018-07-08 09:00:00",213,89,5.866,15.2,10.85,0.228,54.13,3.868
"2018-07-09 09:00:00",214,89,11.67,17.06,13.8,6.726,192.2,3.695
"2018-07-10 09:00:00",215,89,7.38,16.13,12.01,9.12,100.4,4.884
"2018-07-11 09:00:00",216,89,3.644,15.84,9.19,3.42,15.68,4.949
"2018-07-12 09:00:00",217,89,4.209,16.25,9.46,1.482,28.42,5.203
"2018-07-13 09:00:00",218,89,1.814,16.93,8.3,0.114,60.68,5.876
"2018-07-14 09:00:00",219,89,7.864,15.13,11.4,0,5.979,5.438
"2018-07-15 09:00:00",220,89,12.76,16.23,14.33,40.93,223.7,5.071
"2018-07-16 09:00:00",221,89,6.895,13.54,10.83,25.19,3.565,1.265
"2018-07-17 09:00:00",222,89,5.562,17.56,11.06,0.342,9.94,6.5
"2018-07-18 09:00:00",223,89,5.27,18.8,10.53,0.114,11.07,6.102
"2018-07-19 09:00:00",224,89,7.419,16.98,11.57,0.684,0.194,5.285
"2018-07-20 09:00:00",225,89,4.624,17.12,10.87,1.482,8.55,4.977
"2018-07-21 09:00:00",226,89,4.31,17.13,10.03,0.114,3.888,6.32
"2018-07-22 09:00:00",227,89,7.46,16.86,13.41,6.726,14.91,4.337
"2018-07-23 09:00:00",228,89,4.219,16.71,9.9,1.596,9,3.755
"2018-07-24 09:00:00",229,89,2.43,15.37,7.769,1.596,7.919,6.632
"2018-07-25 09:00:00",230,89,1.228,15.64,6.886,0.114,5.087,5.581
"2018-07-26 09:00:00",231,89,8.43,16.04,12.63,2.052,33.02,7.014
"2018-07-27 09:00:00",232,89,2.643,17.85,9.67,0.228,37.09,4.434
"2018-07-28 09:00:00",233,89,5.986,15.41,11.53,4.788,14.18,5.012
"2018-07-29 09:00:00",234,89,6.37,17.17,11.25,2.166,23.5,6.825
"2018-07-30 09:00:00",235,89,9.42,17.31,12.41,2.85,67.81,6.79
"2018-07-31 09:00:00",236,89,2.38,15.95,8.94,0,12.49,7.305
"2018-08-01 09:00:00",237,89,6.673,16.67,11.34,0,25.54,5.597
"2018-08-02 09:00:00",238,89,4.594,17.81,10.63,1.14,0.266,6.264
"2018-08-03 09:00:00",239,89,8.94,17.54,11.9,4.788,3.995,6.064
"2018-08-04 09:00:00",240,89,2.572,16.65,8.44,0.228,0.282,5.214
"2018-08-05 09:00:00",241,89,8.28,16.37,11.34,0.114,24.47,7.936
"2018-08-06 09:00:00",242,89,5.078,14.77,9.86,3.192,14.95,4.773
"2018-08-07 09:00:00",243,89,5.643,17.52,10.95,0,10.28,6.322
"2018-08-08 09:00:00",244,89,10.14,18.51,13.56,0,4.151,6.703
"2018-08-09 09:00:00",245,89,7.106,15.32,11.61,9.69,31.41,3.03
"2018-08-10 09:00:00",246,89,3.36,17.14,9.86,0,66.73,6.912
"2018-08-11 09:00:00",247,89,6.662,18.16,11.17,0,105.6,8.91
"2018-08-12 09:00:00",248,89,4.532,18.07,10.76,0,64.4,8.47
"2018-08-13 09:00:00",249,89,5.34,18.71,10.53,0,34.49,7.992
"2018-08-14 09:00:00",250,89,8.4,17.37,12.39,14.93,175.1,7.095
"2018-08-15 09:00:00",251,89,9.54,15.56,11.96,14.36,188.6,6.9
"2018-08-16 09:00:00",252,89,9.92,16.9,12.58,0.912,169.4,7.429
"2018-08-17 09:00:00",253,89,12.1,18.37,14.75,9.8,112.2,7.662
"2018-08-18 09:00:00",254,89,7.268,16.42,11.26,9.23,62.97,5.193
"2018-08-19 09:00:00",255,89,2.046,16.22,8.31,0.342,92.1,9.05
"2018-08-20 09:00:00",256,89,6.512,15.74,11.55,0.114,86.2,8.29
"2018-08-21 09:00:00",257,89,8.38,16.63,12.31,8.21,100.7,4.679
"2018-08-22 09:00:00",258,89,8.37,14.71,10.61,7.068,117,5.705
"2018-08-23 09:00:00",259,89,9.16,15.69,11.39,14.82,99.8,3.561
"2018-08-24 09:00:00",260,89,5.038,16.53,9.52,3.42,86.1,8.23
"2018-08-25 09:00:00",261,89,6.936,15.64,10.85,2.622,137.7,8.52
"2018-08-26 09:00:00",262,89,9.18,16.44,12.39,0.342,162,8.14
"2018-08-27 09:00:00",263,89,5.986,15.92,10.98,0,88.9,6.568
"2018-08-28 09:00:00",264,89,5.018,17.61,10.41,0,30.07,7.123
"2018-08-29 09:00:00",265,89,12.08,17.74,14.23,27.25,252.4,8.79
"2018-08-30 09:00:00",266,89,7.672,18.38,12.46,5.13,80.6,7.657
"2018-08-31 09:00:00",267,89,4.633,17.34,10.9,0.114,97.2,10.4
"2018-09-01 09:00:00",268,89,5.482,19.16,11.04,0.114,44.18,10.46
"2018-09-02 09:00:00",269,89,10.7,18.23,13.9,8.89,97.5,9.34
"2018-09-03 09:00:00",270,89,7.076,16.76,12.21,13.11,146.9,5.078
"2018-09-04 09:00:00",271,89,2.37,14.51,8.28,0.798,44.24,7.967
"2018-09-05 09:00:00",272,89,6.694,14.09,10.37,0,225.6,9.42
"2018-09-06 09:00:00",273,89,9.08,17.05,11.92,2.508,202.5,7.241
"2018-09-07 09:00:00",274,89,8.83,13.89,10.49,8.09,266.5,6.07
"2018-09-08 09:00:00",275,89,9.48,16.53,12.15,0,326.4,10.72
"2018-09-09 09:00:00",276,89,8.95,18.81,12.35,0,294,11.54
"2018-09-10 09:00:00",277,89,9.69,16.53,12.05,0,143.3,9.06
"2018-09-11 09:00:00",278,89,10.8,16.79,12.61,0.684,132.7,7.054
"2018-09-12 09:00:00",279,89,4.856,19.71,11.63,0,103,10.85
"2018-09-13 09:00:00",280,89,5.805,18.33,12.18,0,103.3,10.14
"2018-09-14 09:00:00",281,89,11.91,16,13.23,0,183.8,7.937
"2018-09-15 09:00:00",282,89,11.17,17.78,13.79,0,202.2,8.75
"2018-09-16 09:00:00",283,89,10.95,20.76,15.08,0,116.2,10.49
"2018-09-17 09:00:00",284,89,13.27,18.25,15.29,0.57,214.3,10.05
"2018-09-18 09:00:00",285,89,11.82,20.47,15.86,0.228,187.5,9.76
"2018-09-19 09:00:00",286,89,13.5,17.41,15.1,10.94,200.6,3.801
"2018-09-20 09:00:00",287,89,11.63,18.49,15.01,0,216.3,8.58
"2018-09-21 09:00:00",288,89,11.7,22.15,15.73,0,141.1,11.39
"2018-09-22 09:00:00",0,89,11.01,19.14,13.86,0,89.3,6.879
"2018-09-23 09:00:00",1,89,6.743,18.62,12.35,0,127.3,10.06
"2018-09-24 09:00:00",2,89,10.66,18.22,13.93,0,189.2,14.67
"2018-09-25 09:00:00",3,89,8.09,17.89,12.47,7.866,161.4,11.1
"2018-09-26 09:00:00",4,89,9.26,15.03,11.26,6.27,189.1,12.05
"2018-09-27 08:00:00",5,89,9.21,15.9,11.76,1.482,129,8.74
"2018-09-28 08:00:00",6,89,3.866,16.97,10.74,0,112.5,12.32
"2018-09-29 08:00:00",7,89,3.198,17.51,9.84,0,110.3,13.62
"2018-09-30 08:00:00",8,89,1.954,18.11,9.71,0,81.8,12.66
"2018-10-01 08:00:00",9,89,8.65,19.41,13.42,0,75.43,15.32
"2018-10-02 08:00:00",10,89,12.48,18.63,14.86,2.964,82.8,7.694
"2018-10-03 08:00:00",11,89,6.269,19.22,12.33,1.482,84.4,10.38
"2018-10-04 08:00:00",12,89,8.88,19.73,13.31,0,50.22,10.03
"2018-10-05 08:00:00",13,89,7.036,18.67,12.82,0.114,77.05,11.27
"2018-10-06 08:00:00",14,89,8.98,20.68,14.1,0,153,17.15
"2018-10-07 08:00:00",15,89,9.36,21.02,15.41,0,145.3,17.05
"2018-10-08 08:00:00",16,89,10.95,19.74,14.47,0,127,10.27
"2018-10-09 08:00:00",17,89,4.522,20.1,11.95,0,113.4,17.25
"2018-10-10 08:00:00",18,89,5.3,19.07,11.94,0.114,126.1,14.85
"2018-10-11 08:00:00",19,89,4.805,18.4,11.24,0,73.83,13.19
"2018-10-12 08:00:00",20,89,11.12,18.88,14.9,25.08,173.8,9.07
"2018-10-13 08:00:00",21,89,6.613,16.79,11.6,1.368,185.5,10.35
"2018-10-14 08:00:00",22,89,4.138,16.02,10.8,0,249.4,16.99
"2018-10-15 08:00:00",23,89,4.25,18.94,11.54,0,160.9,17.17
"2018-10-16 08:00:00",24,89,4.734,21.32,12.82,0,123.1,17.51
"2018-10-17 08:00:00",25,89,11.53,17.76,13.5,0,168.8,11.01
"2018-10-18 08:00:00",26,89,10.99,16.58,13.4,0.57,200.1,11.59
"2018-10-19 08:00:00",27,89,7.157,19.19,12.92,0,149.9,17.96
"2018-10-20 08:00:00",28,89,5.604,21.21,13.54,0,112.4,19.66
"2018-10-21 08:00:00",29,89,10.16,22.7,16.01,0,93.2,14.11
"2018-10-22 08:00:00",30,89,8.51,22.99,14.76,0,101.8,10.98
"2018-10-23 08:00:00",31,89,7.178,20.82,14.22,0,103.3,13.8
"2018-10-24 08:00:00",32,89,7.178,22.17,14.48,0,109.1,17.33
"2018-10-25 08:00:00",33,89,9.25,20.61,15.17,0,90.5,11.26
"2018-10-26 08:00:00",34,89,13.76,21.08,16.65,3.192,137.4,12.35
"2018-10-27 08:00:00",35,89,8.2,20.18,13.87,0,143.2,18.13
"2018-10-28 08:00:00",36,89,13.94,21.34,16.8,16.53,130.1,13.73
"2018-10-29 08:00:00",37,89,10.35,20.88,15.12,0.912,98.5,13.09
"2018-10-30 08:00:00",38,89,10.91,19.04,14.29,18.35,140.1,12.94
"2018-10-31 08:00:00",39,89,9.3,16.34,13.1,7.182,122.5,9.85
"2018-11-01 08:00:00",40,89,11.74,20.87,15.39,2.28,158.2,18.22
"2018-11-02 08:00:00",41,89,10.69,16.95,13.27,1.368,355.6,17.45
"2018-11-03 08:00:00",42,89,11.33,19.18,14.67,0,187.6,19.83
"2018-11-04 08:00:00",43,89,14.48,18.96,16.7,12.43,240.7,7.263
"2018-11-05 08:00:00",44,89,10.77,20.13,15.3,0,183.1,21.95
"2018-11-06 08:00:00",45,89,10.56,19.3,14.8,0,169.9,13.85
"2018-11-07 08:00:00",46,89,7.318,22.35,14.36,0,108.7,17.53
"2018-11-08 08:00:00",47,89,16.22,22.76,18.7,0.228,77.07,17.5
"2018-11-09 08:00:00",48,89,14.73,21.84,18.08,0.456,77.8,7.485
"2018-11-10 08:00:00",49,89,11.51,24.06,17,6.156,198.6,12.23
"2018-11-11 08:00:00",50,89,6.895,19.62,13.3,0,140.8,22.52
"2018-11-12 08:00:00",51,89,12.74,21.09,15.88,14.36,88.2,13.19
"2018-11-13 08:00:00",52,89,8.47,21.14,14.6,0,130.1,17.4
"2018-11-14 08:00:00",53,89,11.26,21.44,16.23,0,172.2,21.9
"2018-11-15 08:00:00",54,89,10.92,22.7,17,0,161.1,19.42
"2018-11-16 08:00:00",55,89,9.39,22.63,16.28,0,130.2,24.91
"2018-11-17 08:00:00",0,89,9.15,23.09,16.01,0,81.2,20.06
"2018-11-18 08:00:00",1,89,9.82,22.27,16.19,0,80.1,13.58
"2018-11-19 08:00:00",2,89,13.63,22.72,17.24,5.472,83.7,15.27
"2018-11-20 08:00:00",3,89,5.028,18.73,12.02,1.368,136.3,15.58
"2018-11-21 08:00:00",4,89,4.29,16.96,10.33,6.612,68.8,12.68
"2018-11-22 08:00:00",5,89,7.984,17.75,12.29,10.03,84.9,13.77
"2018-11-23 08:00:00",6,89,6.098,20.58,13.29,0,120.2,20.08
"2018-11-24 08:00:00",7,89,15.61,22.27,18.08,15.62,224.2,22.58
"2018-11-25 08:00:00",8,89,15.62,19.44,17.07,9.23,133.9,8.13
"2018-11-26 08:00:00",9,89,10.95,23.51,16.49,17.33,87.2,10.97
"2018-11-27 08:00:00",10,89,14.77,23.47,18.27,8.89,68.78,19.61
"2018-11-28 08:00:00",11,89,15.73,23.04,18.41,0,122.7,12.78
"2018-11-29 08:00:00",12,89,12.32,25.42,18.4,0.114,115.2,21.04
"2018-11-30 08:00:00",13,89,17.25,24.54,19.79,0,149.9,16.24
"2018-12-01 08:00:00",14,89,16.56,22.11,18.63,2.508,342,10.98
"2018-12-02 08:00:00",15,89,16.85,20.38,18.48,1.482,263.6,8.71
"2018-12-03 08:00:00",16,89,16.56,23.84,19.78,0.798,243.9,20.63
"2018-12-04 08:00:00",17,89,16.57,20.96,18.15,0.228,139.2,7.837
"2018-12-05 08:00:00",18,89,14.49,22.59,17.77,0.684,121.7,15.5
"2018-12-06 08:00:00",19,89,12.08,21.91,16.29,0,116.3,18.73
"2018-12-07 08:00:00",20,89,9.69,19.2,14.3,0,151.6,19.36
"2018-12-08 08:00:00",21,89,12.76,21.25,16.97,0,238.4,25.38
"2018-12-09 08:00:00",22,89,14.86,22.65,18.02,0,277.4,24.55
"2018-12-10 08:00:00",23,89,15.81,22.83,18.28,0,289.2,20.96
"2018-12-11 08:00:00",24,89,12.46,23.4,17.93,0,168.4,17.28
"2018-12-12 08:00:00",25,89,15.52,25.16,18.77,0,81.8,15.94
"2018-12-13 08:00:00",26,89,15.86,23.98,18.83,0,50.68,13.14
"2018-12-14 08:00:00",27,89,16.55,24.06,19.84,0,85.4,15.13
"2018-12-15 08:00:00",28,89,14.57,24.85,18.65,4.674,135.5,17.25
"2018-12-16 08:00:00",29,89,13.97,24.24,19.5,0,106.5,22.84
"2018-12-17 08:00:00",30,89,15.1,27.49,20,2.394,38.54,14.59
"2018-12-18 08:00:00",31,89,14.89,26.07,20.95,0,85,22.72
"2018-12-19 08:00:00",32,89,15.08,26.42,20.51,0,152.3,25.06
"2018-12-20 08:00:00",33,89,16.44,24.47,19.89,21.32,160.6,17.11
"2018-12-21 08:00:00",34,89,13.61,23.13,17.76,11.29,95.3,14.81
"2018-12-22 08:00:00",35,89,13.14,21.83,17.69,1.254,119.4,15.93
"2018-12-23 08:00:00",36,89,16.69,25.2,19.63,3.192,96.9,14.29
"2018-12-24 08:00:00",37,89,18.68,21.39,19.47,41.15,113.7,5.266
"2018-12-25 08:00:00",38,89,16.56,20.6,18.85,63.73,162.4,4.818
"2018-12-26 08:00:00",39,89,16.39,21.53,17.88,15.39,188.6,10.46
"2018-12-27 08:00:00",40,89,15.2,23.29,18.56,0,288.6,20.06
"2018-12-28 08:00:00",41,89,14.13,23.1,18.01,0,223.8,26.62
"2018-12-29 08:00:00",42,89,13.23,24.35,18.72,0,147.6,26.06
"2018-12-30 08:00:00",43,89,12.54,25.09,19.43,0,92.8,19.63
"2018-12-31 08:00:00",44,89,15.82,25.81,20.23,0,115.2,24.37
"2019-01-01 08:00:00",45,89,17.82,23.15,20.22,0,161.8,11.38
"2019-01-02 08:00:00",46,89,18.59,24.4,20.86,0,202.4,13.68
"2019-01-03 08:00:00",47,89,14.79,25.86,20.47,0,161.3,24.07
"2019-01-04 08:00:00",48,89,19.06,24.92,21.79,0,160.8,14
"2019-01-05 08:00:00",49,89,14.58,24.72,19.84,0,289.4,25.26
"2019-01-06 08:00:00",50,89,12.5,27.05,19.65,0,142.9,24.54
"2019-01-07 08:00:00",51,89,14.89,25.7,20.39,0,174.7,25.41
"2019-01-08 08:00:00",52,89,18.93,27.02,22.4,0,230.4,23.34
"2019-01-09 08:00:00",53,89,14.45,26.17,20.69,0,204.9,25.7
"2019-01-10 08:00:00",54,89,17.53,26.22,21.61,0,122,21.57
"2019-01-11 08:00:00",55,89,16.58,28.38,22.55,0,73.88,20
"2019-01-12 08:00:00",56,89,17.93,30.07,23.01,0,210.1,23.81
"2019-01-13 08:00:00",57,89,17.83,27.76,22.35,0,144.7,22.82
"2019-01-14 08:00:00",58,89,15.65,26.74,21.19,2.964,121.6,18.32
"2019-01-15 08:00:00",59,89,12.53,23.81,16.93,18.81,116.1,14.5
"2019-01-16 08:00:00",60,89,13.96,22.13,18.41,0,187.9,15.26
"2019-01-17 08:00:00",61,89,18.04,25.09,20.94,0,294.2,22.16
"2019-01-18 08:00:00",62,89,17.25,25.71,20.63,0,226,20.31
"2019-01-19 08:00:00",63,89,18.64,25.04,21.3,0,123,11.53
"2019-01-20 08:00:00",64,89,19.48,27.5,22.93,0,146.8,22.4
"2019-01-21 08:00:00",65,89,16.13,25.44,19.73,1.026,196.5,18.02
"2019-01-22 08:00:00",66,89,17.58,25.88,20.79,0,242.1,18.47
"2019-01-23 08:00:00",67,89,16.28,25.27,20.41,0,257,22.35
"2019-01-24 08:00:00",68,89,19.7,26.46,21.97,0.57,185.5,17.59
"2019-01-25 08:00:00",69,89,15.2,23.51,18.71,3.648,212.4,16.82
"2019-01-26 08:00:00",70,89,14.21,25.88,19.66,0,188.9,22.07
"2019-01-27 08:00:00",71,89,13.92,25.5,18.77,0,122.5,16.91
"2019-01-28 08:00:00",72,89,19.15,26.97,21.54,3.876,166.9,13.01
"2019-01-29 08:00:00",73,89,19.01,27.48,22.4,0.114,285.8,21.07
"2019-01-30 08:00:00",74,89,19.48,31.23,23.95,0,142.9,20.77
"2019-01-31 08:00:00",75,89,17.92,29.02,22.93,0,123.4,24.05
"2019-02-01 08:00:00",76,89,14.96,27.24,21.6,0,124.1,22.6
"2019-02-02 08:00:00",77,89,14.31,26.91,20.22,0.228,77.33,12.59
"2019-02-03 08:00:00",78,89,18.19,27.78,21.88,0,160.8,16.63
"2019-02-04 08:00:00",79,89,15.26,26.28,20.87,0,146.2,17.83
"2019-02-05 08:00:00",80,89,13.79,28,20.84,0,104,23.6
"2019-02-06 08:00:00",81,89,13.72,29.47,21,0,101.2,17.83
"2019-02-07 08:00:00",82,89,17.89,29.47,22.71,0.228,205,21.47
"2019-02-08 08:00:00",83,89,15.76,22.71,18.92,0,92.2,10.43
"2019-02-09 08:00:00",84,89,15.35,26.18,20.19,0,154,19.1
"2019-02-10 08:00:00",85,89,14.23,26.95,20.17,0.114,151,16.51
"2019-02-11 08:00:00",86,89,13.78,27.87,20.91,0,110.7,20.31
"2019-02-12 08:00:00",87,89,14.45,29.86,21.73,0,126.9,21.68
"2019-02-13 08:00:00",88,89,14.71,28.89,21.26,0.114,135,17.5
"2019-02-14 08:00:00",89,89,14.03,28.62,21.53,0,181.7,21.44
"2019-02-15 08:00:00",90,89,15.06,30.14,22.55,0,83.4,20.28
"2019-02-16 08:00:00",91,89,17.38,29.5,21.93,0,292.9,20.15
"2019-02-17 08:00:00",92,89,13.51,26.41,19.83,0,230.3,20.41
"2019-02-18 08:00:00",93,89,15.23,27.35,20.82,3.42,161.5,19.43
"2019-02-19 08:00:00",94,89,13.99,26.47,19.56,0,150.1,16.87
"2019-02-20 08:00:00",95,89,14.19,28.16,20.52,0,100.6,17.7
"2019-02-21 08:00:00",96,89,20.48,27.42,22.68,0,118,13.38
"2019-02-22 08:00:00",97,89,19.56,27.22,23.14,2.85,224.8,12.54
"2019-02-23 08:00:00",98,89,19.48,23.61,20.69,16.76,129.1,5.079
"2019-02-24 08:00:00",99,89,15.29,21.92,18.37,3.762,132.1,7.589
"2019-02-25 08:00:00",100,89,12.52,25.18,16.97,0.114,197,16.99
"2019-02-26 08:00:00",101,89,10.22,25.22,17.41,0,226.8,19.58
"2019-02-27 08:00:00",102,89,10.1,26.73,17.44,0,146.7,20.24
"2019-02-28 08:00:00",103,89,14.7,25.49,19.3,0.456,169.8,19.36
"2019-03-01 08:00:00",104,89,15.09,24.45,19.08,0,212.5,18.35
"2019-03-02 08:00:00",105,89,11.13,24.03,17.66,0,107.4,9.89
"2019-03-03 08:00:00",106,89,9.02,26.6,17.44,0,77.21,19.56
"2019-03-04 08:00:00",107,89,11.33,28.52,19.11,0,107.5,19.14
"2019-03-05 08:00:00",108,89,15.68,26.34,19.71,0,134,17.05
"2019-03-06 08:00:00",109,89,10.67,25.13,18.18,0,114.6,17.98
"2019-03-07 08:00:00",110,89,12.09,28.88,19.36,0,20.64,17.72
"2019-03-07 08:00:00",110,89,12.09,28.88,19.36,0,20.64,17.72
"2019-03-08 08:00:00",111,89,16.57,25.56,20.64,6.498,65.45,11.52
"2019-03-09 08:00:00",112,89,11.05,23.05,15.52,20.06,21.17,4.525
"2019-03-10 08:00:00",113,89,12.38,21.01,16.33,19.15,64.45,9.94
"2019-03-11 08:00:00",114,89,11,25.26,17.61,0,108.5,15.59
"2019-03-12 08:00:00",115,89,14.98,27,19.81,0,44.12,16.22
"2019-03-13 08:00:00",116,89,14.04,26.18,19.49,0,35.66,12.91
"2019-03-14 08:00:00",117,89,13.69,26.17,20.05,0,42.32,13.94
"2019-03-15 08:00:00",118,89,14.92,28.63,20.62,0,65.09,13.51
"2019-03-16 08:00:00",119,89,15.93,26.57,20.62,0,98.5,15
"2019-03-17 08:00:00",120,89,16.57,27.78,20.94,0,40.35,9.9
"2019-03-18 08:00:00",121,89,18.74,28.24,22.3,0,82.6,14.63
"2019-03-19 08:00:00",122,89,18.12,26.58,20.64,3.306,56.61,10.21
"2019-03-20 08:00:00",123,89,14.79,20.39,17.52,0.342,25.91,3.5
"2019-03-21 08:00:00",124,89,12.59,24.49,18.21,0,22.78,7.785
"2019-03-22 08:00:00",125,89,15.83,26.47,20.53,0,62.39,15.14
"2019-03-23 08:00:00",126,89,13.04,28.06,19.41,0,45.97,9.58
"2019-03-24 08:00:00",127,89,14.15,27.01,19.46,0,86.6,14.15
"2019-03-25 08:00:00",128,89,15.41,24.23,19.81,0,67.39,7.969
"2019-03-26 08:00:00",129,89,12.78,25.42,19.38,0,109.4,13.57
"2019-03-27 08:00:00",130,89,13.6,25.94,19.66,0,125.1,14.31
"2019-03-28 08:00:00",131,89,17.63,24.86,20.59,6.954,99.2,9.02
"2019-03-29 08:00:00",132,89,16.87,22.61,19.41,0.114,46.9,5.278
"2019-03-30 08:00:00",133,89,18.17,26.82,21.01,0,102.5,12.17
"2019-03-31 08:00:00",134,89,17.82,25.1,20.37,0,98,8.02
"2019-04-01 08:00:00",135,89,19.65,25.7,21.77,20.06,257.9,9.98
"2019-04-02 08:00:00",136,89,16.28,22.71,19.44,25.08,122.8,4.65
"2019-04-03 08:00:00",137,89,11.33,22.78,16.51,0,210.9,12.46
"2019-04-04 08:00:00",138,89,12.42,19.28,15.85,0.57,32.4,6.579
"2019-04-05 09:00:00",139,89,9.88,24.22,16.36,0,91.1,13.41
"2019-04-06 09:00:00",140,89,13.67,23.33,17.25,24.51,98.4,11.06
"2019-04-07 09:00:00",141,89,10.12,17.28,13.48,2.166,27.14,6.468
"2019-04-08 09:00:00",142,89,6.613,19.94,13.33,0.456,106.1,11.72
"2019-04-09 09:00:00",143,89,10.72,21.34,16.65,0,165.7,12.42
"2019-04-10 09:00:00",144,89,6.996,23.23,14.55,0,84.2,11.83
"2019-04-11 09:00:00",145,89,8.86,24.09,15.72,0,5.084,11.15
"2019-04-12 09:00:00",146,89,13.15,21.9,15.76,15.96,22.47,6.932
"2019-04-13 09:00:00",147,89,8.6,21.19,13.94,1.938,35.95,9.3
"2019-04-14 09:00:00",148,89,4.088,18.9,11.27,0,72.26,11.25
"2019-04-15 09:00:00",149,89,6.248,22.09,13.16,0.228,38.42,10.33
"2019-04-16 09:00:00",150,89,6.471,22.61,13.29,0,12.07,10.5
"2019-04-17 09:00:00",151,89,8.68,22.57,14.18,0.114,3.126,11.12
"2019-04-18 09:00:00",152,89,9.51,22.17,14.83,0,2.954,10.73
"2019-04-19 09:00:00",153,89,7.722,22.15,14.15,0,0.48,10.84
"2019-04-20 09:00:00",154,89,5.906,22.48,13.25,0,1.179,9.94
"2019-04-21 09:00:00",155,89,6.421,23.99,14.14,0,1.129,10.95
"2019-04-22 09:00:00",156,89,14.88,22.48,17.91,2.166,109.6,9.89
"2019-04-23 09:00:00",157,89,10.72,17.45,13.39,17.21,8.06,3.309
"2019-04-24 09:00:00",158,89,8.12,19.66,12.97,15.62,12.24,6.849
"2019-04-25 09:00:00",159,89,14.35,21.62,17.26,0,186.3,9.9
"2019-04-26 09:00:00",160,89,14.54,22.49,17.51,0,123.6,8.59
"2019-04-27 09:00:00",161,89,10.63,21.34,15.64,0,72.88,4.499
"2019-04-28 09:00:00",162,89,12.3,22.93,16.58,0.456,26.94,8.31
"2019-04-29 09:00:00",163,89,8.15,19.71,13.66,3.078,14.08,4.613
"2019-04-30 09:00:00",164,89,11.31,19.4,14.42,4.674,97.1,5.752
"2019-05-01 09:00:00",165,89,3.239,19.68,11.23,0,112.5,9.44
"2019-05-02 09:00:00",166,89,3.482,18.62,10.26,0,70.66,9.36
"2019-05-03 09:00:00",167,89,9.03,19.42,15.32,0.456,110.2,8.19
"2019-05-04 09:00:00",168,89,7.178,21.95,13.82,0.228,64.66,8.07
"2019-05-05 09:00:00",169,89,7.409,22.09,13.62,0.114,19.62,8.19
"2019-05-06 09:00:00",170,89,10.04,22.47,14.41,0.114,23,7.744
"2019-05-07 09:00:00",171,89,10.94,20.04,14.6,0.114,11.27,5.557
"2019-05-08 09:00:00",172,89,11.84,20.82,15.24,0,45.71,6.601
"2019-05-09 09:00:00",173,89,9.81,21.61,15.04,0,59.24,7.421
"2019-05-10 09:00:00",174,89,15.54,21.86,17.94,5.13,101.8,7.542
"2019-05-11 09:00:00",175,89,10.12,23.72,15.29,0.342,4.557,7.755
"2019-05-12 09:00:00",176,89,13.25,21.32,17.11,0.342,17.65,6.199
"2019-05-13 09:00:00",177,89,14.45,20.34,17.21,22,249.6,2.829
"2019-05-14 09:00:00",178,89,9.38,19.18,13.79,0.228,144,6.08
"2019-05-15 09:00:00",179,89,8.62,17.96,13.14,0.456,18.94,4.575
"2019-05-16 09:00:00",180,89,13.73,20.83,16.1,2.166,94.3,6.164
"2019-05-17 09:00:00",181,89,13.26,19.52,15.64,2.166,177.4,6.341
"2019-05-18 09:00:00",182,89,7.48,18.71,12.37,0.684,88.1,6.159
"2019-05-19 09:00:00",183,89,11.01,19.11,14.02,2.85,42.07,6.268
"2019-05-20 09:00:00",184,89,10.38,19.82,14.18,1.938,98.1,5.402
"2019-05-21 09:00:00",185,89,12.74,17.83,14.52,0,115.7,4.377
"2019-05-22 09:00:00",186,89,12.39,17.44,14.09,0,56.29,4.327
"2019-05-23 09:00:00",187,89,10.51,19.24,13.57,2.394,50.78,4.808
"2019-05-24 09:00:00",188,89,8.85,18.88,13.23,0.114,58.03,5.68
"2019-05-25 09:00:00",189,89,6.774,20.2,13.13,0.114,19.24,6.571
"2019-05-26 09:00:00",190,89,7.944,20.4,12.8,0.114,21.48,6.543
"2019-05-27 09:00:00",191,89,12.02,20.79,15.27,0,17.82,4.818
"2019-05-28 09:00:00",192,89,10.72,20.85,16.04,3.534,74.55,3.791
"2019-05-29 09:00:00",193,89,12.01,20.31,16.18,6.726,110.5,3.732
"2019-05-30 09:00:00",194,89,5.532,20.41,12.06,0,8.31,6.81
"2019-05-31 09:00:00",195,89,11.82,21.23,16.73,14.25,28.01,5.951
"2019-06-01 09:00:00",196,89,9.46,15.62,12.17,16.07,12.69,2.327
"2019-06-02 09:00:00",197,89,5.148,15.38,9.84,12.54,15.02,4.634
"2019-06-03 09:00:00",198,89,1.763,14.8,8.73,0.114,97.7,6.516
"2019-06-04 09:00:00",199,89,4.411,16.98,9.56,0,0,6.138
"2019-06-05 09:00:00",200,89,10.29,15.94,13.25,1.254,30.47,3.535
"2019-06-06 09:00:00",201,89,10.02,16.26,13.14,31.12,114.7,1.816
"2019-06-07 09:00:00",202,89,9.05,15.72,11.99,11.97,61.89,4.341
"2019-06-08 09:00:00",203,89,9.44,15.33,12.42,10.83,237.6,3.269
"2019-06-09 09:00:00",204,89,7.178,17.2,13.53,1.14,256.5,4.16
"2019-06-10 09:00:00",205,89,7.955,18.03,12.73,0,45.47,6.208
"2019-06-11 09:00:00",206,89,7.036,16.54,11.47,0.912,10.84,4.167
"2019-06-12 09:00:00",207,89,8.49,18.18,12.59,0.228,22.79,6.498
"2019-06-13 09:00:00",208,89,4.876,15.82,10.18,0.342,10,3.324
"2019-06-14 09:00:00",209,89,4.37,15.55,9.09,8.09,1.115,3.679
"2019-06-15 09:00:00",210,89,8.52,18.56,13.73,0.228,39.58,5.834
"2019-06-16 09:00:00",211,89,10.15,18.85,13.69,4.104,69.8,5.295
"2019-06-17 09:00:00",212,89,6.542,18.34,12.07,2.052,55.65,5.753
"2019-06-18 09:00:00",213,89,6.248,16.74,10.57,3.192,53.23,5.758
"2019-06-19 09:00:00",214,89,1.925,16.87,7.964,0.228,51.77,6.182
"2019-06-20 09:00:00",215,89,5.724,16.69,11.05,0,51.48,6.076
"2019-06-21 09:00:00",216,89,12.42,16.29,14.48,6.042,219.1,4.74
"2019-06-22 09:00:00",217,89,6.36,16.47,12.17,1.254,57.48,3.209
"2019-06-23 09:00:00",218,89,8.27,13.62,11.07,5.358,48.16,3.306
"2019-06-24 09:00:00",219,89,5.583,16.97,10.69,1.368,61.38,4.995
"2019-06-25 09:00:00",220,89,7.036,17.33,10.9,0,135,6.042
"2019-06-26 09:00:00",221,89,3.724,16.29,8.54,0.114,13.4,4.632
"2019-06-27 09:00:00",222,89,0.852,16.97,6.825,0.114,1.304,5.729
"2019-06-28 09:00:00",223,89,6.37,16.97,9.83,0.114,0.472,5.826
"2019-06-29 09:00:00",224,89,5.866,17.15,9.75,0,6.505,5.958
"2019-06-30 09:00:00",225,89,5.704,16.93,10.3,0,7.117,6.089
"2019-07-01 09:00:00",226,89,7.884,16.46,11.42,0,2.757,6.643
"2019-07-02 09:00:00",227,89,10.05,18.88,13.88,4.332,12.46,5.656
"2019-07-03 09:00:00",228,89,13.66,16.95,15.17,1.596,80.9,3.853
"2019-07-04 09:00:00",229,89,15.85,17.92,16.61,15.05,88.3,2.796
"2019-07-05 09:00:00",230,89,7.52,16.58,11.13,36.02,183.6,1.566
"2019-07-06 09:00:00",231,89,0.994,12.71,6.629,2.052,101.1,4.739
"2019-07-07 09:00:00",232,89,0.024,15.22,6.517,0,71.15,6.054
"2019-07-08 09:00:00",233,89,3.784,15.2,10.78,0.684,45.46,5.251
"2019-07-09 09:00:00",234,89,4.734,16.07,10.49,1.824,94.6,4.75
"2019-07-10 09:00:00",235,89,2.572,16.24,8.67,0.342,31.04,5.302
"2019-07-11 09:00:00",236,89,9.05,16.67,11.96,1.368,27.35,4.44
"2019-07-12 09:00:00",237,89,4.835,18.22,10.62,1.824,29.75,5.023
"2019-07-13 09:00:00",238,89,5.624,15,11.27,10.15,49.63,1.695
"2019-07-14 09:00:00",239,89,10.73,17.97,14.19,0,93.5,5.66
"2019-07-15 09:00:00",240,89,7.046,16.36,10.6,21.2,46.8,2.287
"2019-07-16 09:00:00",241,89,9.62,16.34,13.71,3.99,158.8,6.228
"2019-07-17 09:00:00",242,89,7.056,17.21,11.34,3.876,35.17,4.3
"2019-07-18 09:00:00",243,89,4.906,16.89,10.83,2.622,72.87,5.907
"2019-07-19 09:00:00",244,89,7.208,16.99,11.94,1.254,81.9,5.536
"2019-07-20 09:00:00",245,89,6.936,14.41,11.28,13.57,46.99,2.399
"2019-07-21 09:00:00",246,89,4.472,17.04,10.14,2.28,35.58,5.9
"2019-07-22 09:00:00",247,89,3.159,17.66,9.13,0,23.75,6.636
"2019-07-23 09:00:00",248,89,3.946,17.91,9.88,0,45,6.72
"2019-07-24 09:00:00",249,89,3.694,17.11,9.02,0.114,45.87,7.087
"2019-07-25 09:00:00",250,89,3.623,17.66,8.76,0.342,29.09,6.623
"2019-07-26 09:00:00",251,89,7.884,16.31,11.99,0.57,10.33,6.475
"2019-07-27 09:00:00",252,89,8.88,17.77,12.88,1.482,50.46,5.307
"2019-07-28 09:00:00",253,89,6.481,17.91,11.31,0.114,46.32,7.497
"2019-07-29 09:00:00",254,89,8.74,17.63,12.25,0,52.16,6.353
"2019-07-30 09:00:00",255,89,9.92,18.65,13.58,2.394,35.27,7.352
"2019-07-31 09:00:00",256,89,6.582,17.89,12.24,4.674,19.7,7.104
"2019-08-01 09:00:00",257,89,2.39,14.87,8.17,9.92,9.23,6.087
"2019-08-02 09:00:00",258,89,6.228,13.66,10.49,1.14,56.22,6.633
"2019-08-03 09:00:00",259,89,8.34,16.28,10.85,13.57,90.1,6.288
"2019-08-04 09:00:00",260,89,9.36,15.44,11.91,8.21,71.49,5.749
"2019-08-05 09:00:00",261,89,7.228,16.12,10.44,16.99,83.5,4.831
"2019-08-06 09:00:00",262,89,6.462,12.69,9.5,4.674,68.06,5.808
"2019-08-07 09:00:00",263,89,4.492,16.32,9.79,1.938,31.65,7.304
"2019-08-08 09:00:00",264,89,9.74,16.47,12.2,33.63,18.76,7.272
"2019-08-09 09:00:00",265,89,10.62,16.67,12.87,13.34,7.228,5.198
"2019-08-10 09:00:00",266,89,10.79,15.59,12.61,10.49,11.64,3.613
"2019-08-11 09:00:00",267,89,12.62,18.79,14.78,6.954,24.26,6.656
"2019-08-12 09:00:00",268,89,8.05,19.36,13.33,10.37,59.78,6.832
"2019-08-13 09:00:00",269,89,9.05,16.73,12.57,17.9,81.2,6.928
"2019-08-14 09:00:00",270,89,9.84,17.01,12.29,4.56,53.36,8.1
"2019-08-15 09:00:00",271,89,6.128,17.3,10.76,3.648,57.23,6.929
"2019-08-16 09:00:00",272,89,7.318,16,10.85,0.228,20.48,6.953
"2019-08-17 09:00:00",273,89,8.07,16.02,11.13,0.912,12.87,7.481
"2019-08-18 09:00:00",274,89,8.89,16.84,12.22,9.35,32.13,6.355
"2019-08-19 09:00:00",275,89,2.654,10.17,6.512,4.788,2.342,3.849
"2019-08-20 09:00:00",276,89,7.843,14.97,10.97,0.456,40.49,9.98
"2019-08-21 09:00:00",277,89,9.92,15.34,12.14,16.07,133.7,7.803
"2019-08-22 09:00:00",278,89,9.89,16.63,12.61,11.63,56.61,8.76
"2019-08-23 09:00:00",279,89,8.73,15.44,11.44,15.16,46.41,5.071
"2019-08-24 09:00:00",280,89,5.28,13.06,9.64,6.612,32.41,3.438
"2019-08-25 09:00:00",281,89,11.34,16.85,12.83,0.114,152.3,9.6
"2019-08-26 09:00:00",282,89,11.39,17.15,13.66,0,68.44,7.521
"2019-08-27 09:00:00",283,89,8.93,17.59,12.46,5.244,57.36,7.08
"2019-08-28 09:00:00",284,89,5.238,16.58,10.45,0,65.63,8.49
"2019-08-29 09:00:00",285,89,4.068,17.65,9.62,0.114,41.11,9.93
"2019-08-30 09:00:00",286,89,4.856,17.46,10.45,0,14.83,10.82
"2019-08-31 09:00:00",287,89,9.69,17.47,13.02,5.13,10.64,6.659
"2019-09-01 09:00:00",288,89,3.32,16.45,10.34,0,63.73,9.66
"2019-09-02 09:00:00",289,89,6.028,18.09,10.75,0,0,9.22
"2019-09-03 09:00:00",290,89,10.11,19.04,13.87,0,3.754,10.78
"2019-09-04 09:00:00",291,89,13.73,16.95,14.85,47.31,183,5.167
"2019-09-05 09:00:00",292,89,13.79,19.21,15.49,2.508,242.2,6.569
"2019-09-06 09:00:00",293,89,10.77,18.23,13.75,21.43,214.1,7.444
"2019-09-07 09:00:00",294,89,7.238,16.04,10.92,3.648,99.1,9.98
"2019-09-08 09:00:00",295,89,6.875,17.98,12.35,2.052,120,10.73
"2019-09-09 09:00:00",296,89,8.52,17.85,13.48,1.482,96.2,9.1
"2019-09-10 09:00:00",297,89,10.2,17.65,12.79,1.026,172.5,7.343
"2019-09-11 09:00:00",298,89,7.157,16.06,11.11,0.342,89,8.42
"2019-09-12 09:00:00",299,89,9.08,16.91,11.72,1.254,148.6,8.75
