TIMESTAMP,AirTemperature_Avg
20/01/2016 8:00,19.27
21/01/2016 8:00,20.73
22/01/2016 8:00,21.24
23/01/2016 8:00,20.39
24/01/2016 8:00,21.74
25/01/2016 8:00,23.05
26/01/2016 8:00,22.7
27/01/2016 8:00,23.75
29/01/2016 8:00,23.1
30/01/2016 8:00,20.97
31/01/2016 8:00,23.19
1/02/2016 8:00,22.52
2/02/2016 8:00,21.27
3/02/2016 8:00,22.4
4/02/2016 8:00,22.11
5/02/2016 8:00,21.61
6/02/2016 8:00,21.11
7/02/2016 8:00,22.11
8/02/2016 8:00,22.14
9/02/2016 8:00,21.35
10/02/2016 8:00,21.09
11/02/2016 8:00,22.57
12/02/2016 8:00,20.97
13/02/2016 8:00,22.55
14/02/2016 8:00,21.84
15/02/2016 8:00,21.94
16/02/2016 8:00,22.33
17/02/2016 8:00,21.08
18/02/2016 8:00,20.82
19/02/2016 8:00,21.46
20/02/2016 8:00,18.8
21/02/2016 8:00,20.01
22/02/2016 8:00,20.97
23/02/2016 8:00,21.65
24/02/2016 8:00,20.35
25/02/2016 8:00,19.74
26/02/2016 8:00,20.28
27/02/2016 8:00,21.65
28/02/2016 8:00,22.92
29/02/2016 8:00,23.27
1/03/2016 8:00,20.23
2/03/2016 8:00,19.15
3/03/2016 8:00,18.71
4/03/2016 8:00,18.91
5/03/2016 8:00,19.81
6/03/2016 8:00,20.04
7/03/2016 8:00,21.8
8/03/2016 8:00,21.64
9/03/2016 8:00,21.64
10/03/2016 8:00,17.71
11/03/2016 8:00,21.28
12/03/2016 8:00,17.85
13/03/2016 8:00,17.01
14/03/2016 8:00,16.97
15/03/2016 8:00,18.12
16/03/2016 8:00,20.06
17/03/2016 8:00,20.54
18/03/2016 8:00,19.96
19/03/2016 8:00,20.16
20/03/2016 8:00,20.34
21/03/2016 8:00,19.72
22/03/2016 8:00,21.05
23/03/2016 8:00,21.52
24/03/2016 8:00,20.94
25/03/2016 8:00,19.94
26/03/2016 8:00,20.36
27/03/2016 8:00,19.35
28/03/2016 8:00,18.19
29/03/2016 8:00,17.88
30/03/2016 8:00,19.49
31/03/2016 8:00,18.35
1/04/2016 8:00,19.26
2/04/2016 8:00,19.36
3/04/2016 8:00,20.69
4/04/2016 9:00,19.34
5/04/2016 9:00,17.54
6/04/2016 9:00,16.08
7/04/2016 9:00,14.16
8/04/2016 9:00,14.86
9/04/2016 9:00,15.5
10/04/2016 9:00,14.2
11/04/2016 9:00,16.27
12/04/2016 9:00,16.56
13/04/2016 9:00,19.31
14/04/2016 9:00,15.44
15/04/2016 9:00,14.17
16/04/2016 9:00,15.99
17/04/2016 9:00,17.01
18/04/2016 9:00,17.55
19/04/2016 9:00,17.06
20/04/2016 9:00,17.41
21/04/2016 9:00,15.68
22/04/2016 9:00,17.96
23/04/2016 9:00,16
24/04/2016 9:00,16.54
25/04/2016 9:00,15.36
26/04/2016 9:00,16.88
27/04/2016 9:00,15.65
28/04/2016 9:00,15.96
29/04/2016 9:00,16.57
30/04/2016 9:00,16.55
1/05/2016 9:00,15.73
2/05/2016 9:00,16.47
3/05/2016 9:00,15.35
4/05/2016 9:00,15.09
5/05/2016 9:00,18.34
6/05/2016 9:00,18.88
7/05/2016 9:00,15.93
8/05/2016 9:00,16.55
9/05/2016 9:00,15.44
10/05/2016 9:00,15.37
11/05/2016 9:00,18.57
12/05/2016 9:00,18.99
13/05/2016 9:00,15.54
14/05/2016 9:00,17.61
15/05/2016 9:00,16.07
16/05/2016 9:00,15.82
17/05/2016 9:00,16.12
18/05/2016 9:00,13.31
19/05/2016 9:00,15.26
20/05/2016 9:00,15.09
21/05/2016 9:00,16.44
22/05/2016 9:00,12.87
23/05/2016 9:00,13.28
24/05/2016 9:00,12.32
25/05/2016 9:00,14.98
26/05/2016 9:00,12.84
27/05/2016 9:00,13.34
28/05/2016 9:00,16.08
29/05/2016 9:00,17.53
30/05/2016 9:00,13.16
31/05/2016 9:00,12.22
1/06/2016 9:00,9.96
2/06/2016 9:00,9.24
3/06/2016 9:00,7.141
4/06/2016 9:00,7.461
5/06/2016 9:00,8.8
6/06/2016 9:00,9.82
7/06/2016 9:00,13.24
8/06/2016 9:00,15.14
9/06/2016 9:00,15.88
10/06/2016 9:00,17
11/06/2016 9:00,15.39
12/06/2016 9:00,13.55
13/06/2016 9:00,12.92
14/06/2016 9:00,9.13
15/06/2016 9:00,12.57
16/06/2016 9:00,10.59
17/06/2016 9:00,9.16
18/06/2016 9:00,10.77
19/06/2016 9:00,11.93
20/06/2016 9:00,12
21/06/2016 9:00,14
22/06/2016 9:00,15.77
23/06/2016 9:00,16.12
24/06/2016 9:00,14.14
25/06/2016 9:00,12.28
26/06/2016 9:00,13.58
27/06/2016 9:00,11.12
28/06/2016 9:00,13.21
29/06/2016 9:00,12.79
30/06/2016 9:00,11.92
1/07/2016 9:00,10.6
2/07/2016 9:00,5.257
3/07/2016 9:00,5.04
4/07/2016 9:00,8.69
5/07/2016 9:00,9.14
6/07/2016 9:00,9.44
7/07/2016 9:00,12.16
8/07/2016 9:00,13.64
9/07/2016 9:00,13.19
10/07/2016 9:00,9.1
11/07/2016 9:00,9.5
12/07/2016 9:00,8.68
13/07/2016 9:00,8.01
14/07/2016 9:00,12.81
15/07/2016 9:00,11.88
16/07/2016 9:00,12.05
17/07/2016 9:00,11.95
18/07/2016 9:00,11.76
19/07/2016 9:00,11.77
20/07/2016 9:00,13.54
21/07/2016 9:00,12.29
22/07/2016 9:00,11.15
23/07/2016 9:00,13.59
24/07/2016 9:00,15.35
25/07/2016 9:00,13.08
26/07/2016 9:00,11.72
27/07/2016 9:00,9.85
28/07/2016 9:00,12.34
29/07/2016 9:00,12.94
30/07/2016 9:00,11.01
31/07/2016 9:00,11.74
1/08/2016 9:00,10
2/08/2016 9:00,10.79
3/08/2016 9:00,12.05
4/08/2016 9:00,13.59
5/08/2016 9:00,10.09
6/08/2016 9:00,10.02
7/08/2016 9:00,7.958
8/08/2016 9:00,7.153
9/08/2016 9:00,6.023
10/08/2016 9:00,9.04
11/08/2016 9:00,9.15
12/08/2016 9:00,10.43
13/08/2016 9:00,13.31
14/08/2016 9:00,8.52
15/08/2016 9:00,11.31
16/08/2016 9:00,8.84
17/08/2016 9:00,10.28
18/08/2016 9:00,10.24
19/08/2016 9:00,9.87
20/08/2016 9:00,10.55
21/08/2016 9:00,9.84
22/08/2016 9:00,10.49
23/08/2016 9:00,11.42
24/08/2016 9:00,11.54
25/08/2016 9:00,12.44
26/08/2016 9:00,15.17
27/08/2016 9:00,14.03
28/08/2016 9:00,10.31
29/08/2016 9:00,11.96
30/08/2016 9:00,11.28
31/08/2016 9:00,12.17
1/09/2016 9:00,11.43
2/09/2016 9:00,11.99
3/09/2016 9:00,15.16
4/09/2016 9:00,14.99
5/09/2016 9:00,15.36
6/09/2016 9:00,13.27
7/09/2016 9:00,11.53
8/09/2016 9:00,11.44
9/09/2016 9:00,7.899
10/09/2016 9:00,10.27
11/09/2016 9:00,9.47
12/09/2016 9:00,9.87
13/09/2016 9:00,11.01
14/09/2016 9:00,13.41
15/09/2016 9:00,14.86
16/09/2016 9:00,13.71
17/09/2016 9:00,15.77
18/09/2016 9:00,14.15
19/09/2016 9:00,13.79
20/09/2016 9:00,11.58
21/09/2016 9:00,13.29
22/09/2016 9:00,12.75
23/09/2016 9:00,15.46
24/09/2016 9:00,15.54
25/09/2016 9:00,14.29
26/09/2016 8:00,13.88
27/09/2016 8:00,14.83
28/09/2016 8:00,15.76
29/09/2016 8:00,13.31
30/09/2016 8:00,14.85
1/10/2016 8:00,14.96
2/10/2016 8:00,15.67
3/10/2016 8:00,13.91
4/10/2016 8:00,13.59
5/10/2016 8:00,15.19
6/10/2016 8:00,15.43
7/10/2016 8:00,12.71
8/10/2016 8:00,12.6
9/10/2016 8:00,15.84
10/10/2016 8:00,12.93
11/10/2016 8:00,13.25
12/10/2016 8:00,16.99
13/10/2016 8:00,13.29
14/10/2016 8:00,12.32
15/10/2016 8:00,11.98
16/10/2016 8:00,12.63
17/10/2016 8:00,13.86
18/10/2016 8:00,14.06
19/10/2016 8:00,14.14
20/10/2016 8:00,17.33
21/10/2016 8:00,15.71
22/10/2016 8:00,13.89
23/10/2016 8:00,14.2
24/10/2016 8:00,14.5
25/10/2016 8:00,15.85
26/10/2016 8:00,13.88
27/10/2016 8:00,15
28/10/2016 8:00,15.08
29/10/2016 8:00,15.86
30/10/2016 8:00,13.29
31/10/2016 8:00,12.2
1/11/2016 8:00,10.34
2/11/2016 8:00,16.17
3/11/2016 8:00,13.9
4/11/2016 8:00,15.11
5/11/2016 8:00,13.67
6/11/2016 8:00,16.15
7/11/2016 8:00,17.66
8/11/2016 8:00,14.45
9/11/2016 8:00,15.73
10/11/2016 8:00,17.82
11/11/2016 8:00,18.01
12/11/2016 8:00,17.99
13/11/2016 8:00,14.32
14/11/2016 8:00,14.2
15/11/2016 8:00,17.63
16/11/2016 8:00,17.25
17/11/2016 8:00,15.22
18/11/2016 8:00,13.19
19/11/2016 8:00,15.9
20/11/2016 8:00,15.63
21/11/2016 8:00,15.73
22/11/2016 8:00,16.79
23/11/2016 8:00,16.72
24/11/2016 8:00,16.92
25/11/2016 8:00,19.12
26/11/2016 8:00,16.5
27/11/2016 8:00,16.77
28/11/2016 8:00,15.48
29/11/2016 8:00,15.22
30/11/2016 8:00,16.49
1/12/2016 8:00,15.5
2/12/2016 8:00,16.75
3/12/2016 8:00,16.25
4/12/2016 8:00,16.69
5/12/2016 8:00,17.97
6/12/2016 8:00,19.29
7/12/2016 8:00,19.17
8/12/2016 8:00,18.63
9/12/2016 8:00,17.12
10/12/2016 8:00,20.3
11/12/2016 8:00,16.42
12/12/2016 8:00,15.85
13/12/2016 8:00,15.8
14/12/2016 8:00,15.97
15/12/2016 8:00,16.68
16/12/2016 8:00,17.31
17/12/2016 8:00,17.09
18/12/2016 8:00,16.47
19/12/2016 8:00,18.29
20/12/2016 8:00,16.38
21/12/2016 8:00,16.98
22/12/2016 8:00,19.47
23/12/2016 8:00,19.82
24/12/2016 8:00,15.41
25/12/2016 8:00,17.29
26/12/2016 8:00,17.37
27/12/2016 8:00,16.92
28/12/2016 8:00,17.57
29/12/2016 8:00,17.02
30/12/2016 8:00,15.48
31/12/2016 8:00,17.3
1/01/2017 8:00,18.03
2/01/2017 8:00,19.9
3/01/2017 8:00,20.38
4/01/2017 8:00,19.49
5/01/2017 8:00,16.48
6/01/2017 8:00,15.22
7/01/2017 8:00,16.89
8/01/2017 8:00,18.16
9/01/2017 8:00,17.42
10/01/2017 8:00,19.35
11/01/2017 8:00,20.42
12/01/2017 8:00,19.65
13/01/2017 8:00,20.99
14/01/2017 8:00,17.58
15/01/2017 8:00,22.14
16/01/2017 8:00,19.3
17/01/2017 8:00,19.04
18/01/2017 8:00,18.9
19/01/2017 8:00,20.18
20/01/2017 8:00,15.77
21/01/2017 8:00,15.13
22/01/2017 8:00,18.96
23/01/2017 8:00,18.36
24/01/2017 8:00,18.48
25/01/2017 8:00,19.41
26/01/2017 8:00,17.13
27/01/2017 8:00,18.34
28/01/2017 8:00,19.39
29/01/2017 8:00,19.24
30/01/2017 8:00,19.38
31/01/2017 8:00,21.63
1/02/2017 8:00,20.61
2/02/2017 8:00,20.49
3/02/2017 8:00,21.68
4/02/2017 8:00,18.58
5/02/2017 8:00,20.25
6/02/2017 8:00,20.01
7/02/2017 8:00,23.15
8/02/2017 8:00,23.17
9/02/2017 8:00,18.67
10/02/2017 8:00,17.95
11/02/2017 8:00,18.44
12/02/2017 8:00,18.17
13/02/2017 8:00,21.9
14/02/2017 8:00,21.06
15/02/2017 8:00,18.3
16/02/2017 8:00,18.37
17/02/2017 8:00,18.66
18/02/2017 8:00,20.03
19/02/2017 8:00,22.23
20/02/2017 8:00,21.62
21/02/2017 8:00,20.62
22/02/2017 8:00,20
23/02/2017 8:00,20.71
24/02/2017 8:00,21.55
25/02/2017 8:00,20.91
26/02/2017 8:00,20.49
27/02/2017 8:00,20.27
28/02/2017 8:00,21.41
1/03/2017 8:00,20.65
2/03/2017 8:00,20.77
3/03/2017 8:00,18.99
4/03/2017 8:00,19.49
5/03/2017 8:00,20.57
6/03/2017 8:00,18.94
7/03/2017 8:00,19.2
8/03/2017 8:00,19.6
9/03/2017 8:00,17.34
10/03/2017 8:00,20.75
11/03/2017 8:00,20.51
12/03/2017 8:00,21.4
13/03/2017 8:00,19.76
14/03/2017 8:00,17.96
15/03/2017 8:00,16.74
16/03/2017 8:00,16.37
17/03/2017 8:00,17.81
18/03/2017 8:00,19.45
19/03/2017 8:00,18.12
20/03/2017 8:00,17.54
21/03/2017 8:00,19.16
22/03/2017 8:00,19.53
23/03/2017 8:00,20.02
24/03/2017 8:00,18.12
25/03/2017 8:00,19.35
26/03/2017 8:00,20.16
27/03/2017 8:00,19.8
28/03/2017 8:00,20.25
29/03/2017 8:00,20.85
30/03/2017 8:00,18.46
31/03/2017 8:00,18.28
1/04/2017 8:00,17.36
2/04/2017 8:00,19.83
3/04/2017 8:00,21.1
4/04/2017 8:00,22.29
5/04/2017 9:00,20.09
6/04/2017 9:00,18.24
7/04/2017 9:00,16.58
8/04/2017 9:00,14.82
9/04/2017 9:00,16.62
10/04/2017 9:00,16.5
11/04/2017 9:00,19.39
12/04/2017 9:00,20.85
13/04/2017 9:00,19.08
14/04/2017 9:00,16.81
15/04/2017 9:00,17.4
16/04/2017 9:00,15.37
17/04/2017 9:00,16.25
18/04/2017 9:00,16
19/04/2017 9:00,14.61
20/04/2017 9:00,15.08
21/04/2017 9:00,14.34
22/04/2017 9:00,15.23
23/04/2017 9:00,15.77
24/04/2017 9:00,16.52
25/04/2017 9:00,14.5
26/04/2017 9:00,14.09
27/04/2017 9:00,14.3
28/04/2017 9:00,14.97
29/04/2017 9:00,17.98
30/04/2017 9:00,17.49
1/05/2017 9:00,14.32
2/05/2017 9:00,10.69
3/05/2017 9:00,9.59
4/05/2017 9:00,14.03
5/05/2017 9:00,14.35
6/05/2017 9:00,11.61
7/05/2017 9:00,12.05
8/05/2017 9:00,13.34
9/05/2017 9:00,12.83
10/05/2017 9:00,15.97
11/05/2017 9:00,17.73
12/05/2017 9:00,17.86
13/05/2017 9:00,12.89
14/05/2017 9:00,9.27
15/05/2017 9:00,13.73
16/05/2017 9:00,12.66
17/05/2017 9:00,15.78
18/05/2017 9:00,17.12
19/05/2017 9:00,14.68
20/05/2017 9:00,13.45
21/05/2017 9:00,11.08
22/05/2017 9:00,6.758
23/05/2017 9:00,6.757
24/05/2017 9:00,11.35
25/05/2017 9:00,11.83
26/05/2017 9:00,11.79
27/05/2017 9:00,15.94
28/05/2017 9:00,15.03
29/05/2017 9:00,13.96
30/05/2017 9:00,14.44
31/05/2017 9:00,12.46
1/06/2017 9:00,12.27
2/06/2017 9:00,14.52
3/06/2017 9:00,12.96
4/06/2017 9:00,10.69
5/06/2017 9:00,11.46
6/06/2017 9:00,10.09
7/06/2017 9:00,10.94
8/06/2017 9:00,10.79
9/06/2017 9:00,9.23
10/06/2017 9:00,12.6
11/06/2017 9:00,12.44
12/06/2017 9:00,11.1
13/06/2017 9:00,12.56
14/06/2017 9:00,14.44
15/06/2017 9:00,12.3
16/06/2017 9:00,13.16
17/06/2017 9:00,12.4
18/06/2017 9:00,11.84
19/06/2017 9:00,13.18
20/06/2017 9:00,11.98
21/06/2017 9:00,14.57
22/06/2017 9:00,14.78
23/06/2017 9:00,15.15
24/06/2017 9:00,14.94
25/06/2017 9:00,11.7
26/06/2017 9:00,11.39
27/06/2017 9:00,8.37
28/06/2017 9:00,8.07
29/06/2017 9:00,11.54
30/06/2017 9:00,9
1/07/2017 9:00,13.97
2/07/2017 9:00,12.68
3/07/2017 9:00,11.66
4/07/2017 9:00,9.92
5/07/2017 9:00,12.11
6/07/2017 9:00,11.74
7/07/2017 9:00,12.67
8/07/2017 9:00,11.46
9/07/2017 9:00,12.28
10/07/2017 9:00,11.52
11/07/2017 9:00,10.49
12/07/2017 9:00,10.86
13/07/2017 9:00,7.045
14/07/2017 9:00,7.533
15/07/2017 9:00,8.56
16/07/2017 9:00,8.56
17/07/2017 9:00,8.76
18/07/2017 9:00,11.76
19/07/2017 9:00,10.72
20/07/2017 9:00,11.7
21/07/2017 9:00,13.68
22/07/2017 9:00,11.54
23/07/2017 9:00,11.25
24/07/2017 9:00,11.74
25/07/2017 9:00,11.47
26/07/2017 9:00,11.1
27/07/2017 9:00,9.99
28/07/2017 9:00,11.31
29/07/2017 9:00,9.14
30/07/2017 9:00,5.106
31/07/2017 9:00,6.261
1/08/2017 9:00,8.83
2/08/2017 9:00,11.29
3/08/2017 9:00,12.92
4/08/2017 9:00,8.7
5/08/2017 9:00,7.514
6/08/2017 9:00,12.01
7/08/2017 9:00,13.83
8/08/2017 9:00,15.12
9/08/2017 9:00,15.06
10/08/2017 9:00,13.31
11/08/2017 9:00,11.49
12/08/2017 9:00,13.28
13/08/2017 9:00,13.59
14/08/2017 9:00,13.06
15/08/2017 9:00,10.59
16/08/2017 9:00,10.79
17/08/2017 9:00,11.98
18/08/2017 9:00,12.85
19/08/2017 9:00,13.1
20/08/2017 9:00,11.95
21/08/2017 9:00,11.67
22/08/2017 9:00,10.31
23/08/2017 9:00,8.7
24/08/2017 9:00,10.44
25/08/2017 9:00,11.3
26/08/2017 9:00,11.99
27/08/2017 9:00,14.36
28/08/2017 9:00,14.72
29/08/2017 9:00,13.5
30/08/2017 9:00,12.93
31/08/2017 9:00,13.4
1/09/2017 9:00,12.98
2/09/2017 9:00,13.8
3/09/2017 9:00,12.1
4/09/2017 9:00,12.43
5/09/2017 9:00,12.93
6/09/2017 9:00,14.66
7/09/2017 9:00,14.16
8/09/2017 9:00,12.85
9/09/2017 9:00,13.49
10/09/2017 9:00,9.74
11/09/2017 9:00,9.81
12/09/2017 9:00,10.32
13/09/2017 9:00,12.19
14/09/2017 9:00,15.79
15/09/2017 9:00,15.56
16/09/2017 9:00,15.87
17/09/2017 9:00,11.74
18/09/2017 9:00,13.08
19/09/2017 9:00,10.77
20/09/2017 9:00,10.22
21/09/2017 9:00,13.86
22/09/2017 9:00,12.46
23/09/2017 9:00,13.02
24/09/2017 9:00,14.37
25/09/2017 9:00,15
26/09/2017 9:00,16.19
27/09/2017 8:00,15.46
28/09/2017 8:00,14.52
29/09/2017 8:00,13.62
30/09/2017 8:00,13.67
1/10/2017 8:00,12.98
2/10/2017 8:00,12.3
3/10/2017 8:00,14.03
4/10/2017 8:00,14.28
5/10/2017 8:00,14.36
6/10/2017 8:00,15.28
7/10/2017 8:00,15.5
8/10/2017 8:00,15.54
9/10/2017 8:00,15.8
10/10/2017 8:00,15.8
11/10/2017 8:00,15.53
12/10/2017 8:00,13.59
13/10/2017 8:00,13.85
14/10/2017 8:00,15.47
15/10/2017 8:00,14.86
16/10/2017 8:00,13.7
17/10/2017 8:00,14.75
18/10/2017 8:00,14.24
19/10/2017 8:00,13
20/10/2017 8:00,14.75
21/10/2017 8:00,14.72
22/10/2017 8:00,14.93
23/10/2017 8:00,14.1
24/10/2017 8:00,13.65
25/10/2017 8:00,14.77
26/10/2017 8:00,15.05
27/10/2017 8:00,16.46
28/10/2017 8:00,16.36
29/10/2017 8:00,16.7
30/10/2017 8:00,17.41
31/10/2017 8:00,16.38
1/11/2017 8:00,17.26
2/11/2017 8:00,16.81
3/11/2017 8:00,17.66
4/11/2017 8:00,18.34
5/11/2017 8:00,16.68
6/11/2017 8:00,16.97
7/11/2017 8:00,12.99
8/11/2017 8:00,17.47
9/11/2017 8:00,14.08
10/11/2017 8:00,15.24
11/11/2017 8:00,14.7
12/11/2017 8:00,14.24
13/11/2017 8:00,13.86
14/11/2017 8:00,15.94
15/11/2017 8:00,13.81
16/11/2017 8:00,15.35
17/11/2017 8:00,16.92
18/11/2017 8:00,17.49
19/11/2017 8:00,15.05
20/11/2017 8:00,16.44
21/11/2017 8:00,18.37
22/11/2017 8:00,18.93
23/11/2017 8:00,17.22
24/11/2017 8:00,18.84
25/11/2017 8:00,19.33
26/11/2017 8:00,18.59
27/11/2017 8:00,18.2
28/11/2017 8:00,19.35
29/11/2017 8:00,18.85
30/11/2017 8:00,18.71
1/12/2017 8:00,18.43
2/12/2017 8:00,18.48
3/12/2017 8:00,18.39
4/12/2017 8:00,20.08
5/12/2017 8:00,20.98
6/12/2017 8:00,20.39
7/12/2017 8:00,20.65
8/12/2017 8:00,21.24
9/12/2017 8:00,21.21
10/12/2017 8:00,20.73
11/12/2017 8:00,20.29
12/12/2017 8:00,21.81
13/12/2017 8:00,21.41
14/12/2017 8:00,19.93
15/12/2017 8:00,21
16/12/2017 8:00,19.3
17/12/2017 8:00,21.5
18/12/2017 8:00,21.05
19/12/2017 8:00,19.93
20/12/2017 8:00,20.16
21/12/2017 8:00,19.11
22/12/2017 8:00,20.64
23/12/2017 8:00,21.44
24/12/2017 8:00,20.81
25/12/2017 8:00,20.5
26/12/2017 8:00,20.69
27/12/2017 8:00,19.03
28/12/2017 8:00,18.43
29/12/2017 8:00,17.95
30/12/2017 8:00,19.27
31/12/2017 8:00,18.9
1/01/2018 8:00,20.32
2/01/2018 8:00,20.1
3/01/2018 8:00,22.05
4/01/2018 8:00,22.64
5/01/2018 8:00,20.51
6/01/2018 8:00,19.05
7/01/2018 8:00,19.76
8/01/2018 8:00,19.67
9/01/2018 8:00,19.44
10/01/2018 8:00,21.04
11/01/2018 8:00,21.64
12/01/2018 8:00,22.13
13/01/2018 8:00,23.26
14/01/2018 8:00,22.56
15/01/2018 8:00,22.35
16/01/2018 8:00,22.39
17/01/2018 8:00,21.36
18/01/2018 8:00,21.41
19/01/2018 8:00,20.02
20/01/2018 8:00,22.6
21/01/2018 8:00,22.98
22/01/2018 8:00,22.71
23/01/2018 8:00,22.09
24/01/2018 8:00,22.55
25/01/2018 8:00,22.72
26/01/2018 8:00,23.44
27/01/2018 8:00,22.79
28/01/2018 8:00,22.98
29/01/2018 8:00,23.51
30/01/2018 8:00,23.63
31/01/2018 8:00,22.84
1/02/2018 8:00,23.3
2/02/2018 8:00,20.34
3/02/2018 8:00,18.57
4/02/2018 8:00,17.16
5/02/2018 8:00,19.24
6/02/2018 8:00,18.5
7/02/2018 8:00,19.78
8/02/2018 8:00,20.58
9/02/2018 8:00,18.68
10/02/2018 8:00,19.58
11/02/2018 8:00,21.97
12/02/2018 8:00,21.83
13/02/2018 8:00,24.19
14/02/2018 8:00,22.14
15/02/2018 8:00,22.04
16/02/2018 8:00,20.66
17/02/2018 8:00,22.87
18/02/2018 8:00,22.61
19/02/2018 8:00,23.6
20/02/2018 8:00,23.35
21/02/2018 8:00,22.55
22/02/2018 8:00,18.51
23/02/2018 8:00,18.01
24/02/2018 8:00,18.98
25/02/2018 8:00,18.57
26/02/2018 8:00,19.6
27/02/2018 8:00,21.54
28/02/2018 8:00,20.91
1/03/2018 8:00,20.84
2/03/2018 8:00,21.2
3/03/2018 8:00,21.38
4/03/2018 8:00,22.04
5/03/2018 8:00,20.96
6/03/2018 8:00,21.25
7/03/2018 8:00,23.33
8/03/2018 8:00,19.24
9/03/2018 8:00,18.54
10/03/2018 8:00,19.64
11/03/2018 8:00,19.57
12/03/2018 8:00,18.53
13/03/2018 8:00,16.99
14/03/2018 8:00,18.93
15/03/2018 8:00,16.78
16/03/2018 8:00,16.99
17/03/2018 8:00,18
18/03/2018 8:00,19.63
19/03/2018 8:00,18.49
20/03/2018 8:00,18.48
21/03/2018 8:00,18.6
22/03/2018 8:00,18.43
23/03/2018 8:00,19.56
24/03/2018 8:00,18.62
25/03/2018 8:00,18.35
26/03/2018 8:00,17.84
27/03/2018 8:00,20.24
28/03/2018 8:00,19.48
29/03/2018 8:00,19.66
30/03/2018 8:00,20.33
31/03/2018 8:00,18.2
1/04/2018 8:00,19.81
2/04/2018 8:00,16.83
3/04/2018 8:00,16.88
4/04/2018 8:00,17.83
5/04/2018 9:00,19.05
6/04/2018 9:00,17.43
7/04/2018 9:00,17.59
8/04/2018 9:00,17.28
9/04/2018 9:00,16.15
10/04/2018 9:00,19.19
11/04/2018 9:00,14.41
12/04/2018 9:00,11.07
13/04/2018 9:00,15.38
14/04/2018 9:00,17.63
15/04/2018 9:00,17.91
16/04/2018 9:00,18.62
17/04/2018 9:00,17.81
18/04/2018 9:00,19.08
19/04/2018 9:00,14.54
20/04/2018 9:00,15.37
21/04/2018 9:00,15.89
22/04/2018 9:00,16.91
23/04/2018 9:00,15.32
24/04/2018 9:00,15.16
25/04/2018 9:00,13.7
26/04/2018 9:00,13.17
27/04/2018 9:00,15.27
28/04/2018 9:00,18.22
29/04/2018 9:00,17.99
30/04/2018 9:00,18.45
1/05/2018 9:00,17.45
2/05/2018 9:00,17.47
3/05/2018 9:00,14.35
4/05/2018 9:00,11.25
5/05/2018 9:00,13.21
6/05/2018 9:00,14.69
7/05/2018 9:00,15.13
8/05/2018 9:00,14.9
9/05/2018 9:00,14.61
10/05/2018 9:00,14.81
11/05/2018 9:00,16.74
12/05/2018 9:00,17.84
13/05/2018 9:00,17.56
14/05/2018 9:00,18.5
15/05/2018 9:00,18.89
16/05/2018 9:00,17.69
17/05/2018 9:00,15.48
18/05/2018 9:00,12.24
19/05/2018 9:00,13.12
20/05/2018 9:00,13.22
21/05/2018 9:00,14.54
22/05/2018 9:00,14.77
23/05/2018 9:00,15.01
24/05/2018 9:00,10.75
25/05/2018 9:00,13.8
26/05/2018 9:00,10.64
27/05/2018 9:00,13
28/05/2018 9:00,11.21
29/05/2018 9:00,7.103
30/05/2018 9:00,6.228
31/05/2018 9:00,6.523
1/06/2018 9:00,7.089
2/06/2018 9:00,13.27
3/06/2018 9:00,15.02
4/06/2018 9:00,13.81
5/06/2018 9:00,14.57
6/06/2018 9:00,13.76
7/06/2018 9:00,8.48
8/06/2018 9:00,10.81
9/06/2018 9:00,9.26
10/06/2018 9:00,10.76
11/06/2018 9:00,10.92
12/06/2018 9:00,11.32
13/06/2018 9:00,13.21
14/06/2018 9:00,11.7
15/06/2018 9:00,10.53
16/06/2018 9:00,13.75
17/06/2018 9:00,14.94
18/06/2018 9:00,12.46
19/06/2018 9:00,13.51
20/06/2018 9:00,13.22
21/06/2018 9:00,10.76
22/06/2018 9:00,7.915
23/06/2018 9:00,8.41
24/06/2018 9:00,10.45
25/06/2018 9:00,12.52
26/06/2018 9:00,9.52
27/06/2018 9:00,5.435
28/06/2018 9:00,7.089
29/06/2018 9:00,9.57
30/06/2018 9:00,5.084
1/07/2018 9:00,7.874
2/07/2018 9:00,11.42
3/07/2018 9:00,10.54
4/07/2018 9:00,6.12
5/07/2018 9:00,10.8
6/07/2018 9:00,9.65
7/07/2018 9:00,8.52
8/07/2018 9:00,10.85
9/07/2018 9:00,13.8
10/07/2018 9:00,12.01
11/07/2018 9:00,9.19
12/07/2018 9:00,9.46
13/07/2018 9:00,8.3
14/07/2018 9:00,11.4
15/07/2018 9:00,14.33
16/07/2018 9:00,10.83
17/07/2018 9:00,11.06
18/07/2018 9:00,10.53
19/07/2018 9:00,11.57
20/07/2018 9:00,10.87
21/07/2018 9:00,10.03
22/07/2018 9:00,13.41
23/07/2018 9:00,9.9
24/07/2018 9:00,7.769
25/07/2018 9:00,6.886
26/07/2018 9:00,12.63
27/07/2018 9:00,9.67
28/07/2018 9:00,11.53
29/07/2018 9:00,11.25
30/07/2018 9:00,12.41
31/07/2018 9:00,8.94
1/08/2018 9:00,11.34
2/08/2018 9:00,10.63
3/08/2018 9:00,11.9
4/08/2018 9:00,8.44
5/08/2018 9:00,11.34
6/08/2018 9:00,9.86
7/08/2018 9:00,10.95
8/08/2018 9:00,13.56
9/08/2018 9:00,11.61
10/08/2018 9:00,9.86
11/08/2018 9:00,11.17
12/08/2018 9:00,10.76
13/08/2018 9:00,10.53
14/08/2018 9:00,12.39
15/08/2018 9:00,11.96
16/08/2018 9:00,12.58
17/08/2018 9:00,14.75
18/08/2018 9:00,11.26
19/08/2018 9:00,8.31
20/08/2018 9:00,11.55
21/08/2018 9:00,12.31
22/08/2018 9:00,10.61
23/08/2018 9:00,11.39
24/08/2018 9:00,9.52
25/08/2018 9:00,10.85
26/08/2018 9:00,12.39
27/08/2018 9:00,10.98
28/08/2018 9:00,10.41
29/08/2018 9:00,14.23
30/08/2018 9:00,12.46
31/08/2018 9:00,10.9
1/09/2018 9:00,11.04
2/09/2018 9:00,13.9
3/09/2018 9:00,12.21
4/09/2018 9:00,8.28
5/09/2018 9:00,10.37
6/09/2018 9:00,11.92
7/09/2018 9:00,10.49
8/09/2018 9:00,12.15
9/09/2018 9:00,12.35
10/09/2018 9:00,12.05
11/09/2018 9:00,12.61
12/09/2018 9:00,11.63
13/09/2018 9:00,12.18
14/09/2018 9:00,13.23
15/09/2018 9:00,13.79
16/09/2018 9:00,15.08
17/09/2018 9:00,15.29
18/09/2018 9:00,15.86
19/09/2018 9:00,15.1
20/09/2018 9:00,15.01
21/09/2018 9:00,15.73
22/09/2018 9:00,13.86
23/09/2018 9:00,12.35
24/09/2018 9:00,13.93
25/09/2018 9:00,12.47
26/09/2018 9:00,11.26
27/09/2018 8:00,11.76
28/09/2018 8:00,10.74
29/09/2018 8:00,9.84
30/09/2018 8:00,9.71
1/10/2018 8:00,13.42
2/10/2018 8:00,14.86
3/10/2018 8:00,12.33
4/10/2018 8:00,13.31
5/10/2018 8:00,12.82
6/10/2018 8:00,14.1
7/10/2018 8:00,15.41
8/10/2018 8:00,14.47
9/10/2018 8:00,11.95
10/10/2018 8:00,11.94
11/10/2018 8:00,11.24
12/10/2018 8:00,14.9
13/10/2018 8:00,11.6
14/10/2018 8:00,10.8
15/10/2018 8:00,11.54
16/10/2018 8:00,12.82
17/10/2018 8:00,13.5
18/10/2018 8:00,13.4
19/10/2018 8:00,12.92
20/10/2018 8:00,13.54
21/10/2018 8:00,16.01
22/10/2018 8:00,14.76
23/10/2018 8:00,14.22
24/10/2018 8:00,14.48
25/10/2018 8:00,15.17
26/10/2018 8:00,16.65
27/10/2018 8:00,13.87
28/10/2018 8:00,16.8
29/10/2018 8:00,15.12
30/10/2018 8:00,14.29
31/10/2018 8:00,13.1
1/11/2018 8:00,15.39
2/11/2018 8:00,13.27
3/11/2018 8:00,14.67
4/11/2018 8:00,16.7
5/11/2018 8:00,15.3
6/11/2018 8:00,14.8
7/11/2018 8:00,14.36
8/11/2018 8:00,18.7
9/11/2018 8:00,18.08
10/11/2018 8:00,17
11/11/2018 8:00,13.3
12/11/2018 8:00,15.88
13/11/2018 8:00,14.6
14/11/2018 8:00,16.23
15/11/2018 8:00,17
16/11/2018 8:00,16.28
17/11/2018 8:00,16.01
18/11/2018 8:00,16.19
19/11/2018 8:00,17.24
20/11/2018 8:00,12.02
21/11/2018 8:00,10.33
22/11/2018 8:00,12.29
23/11/2018 8:00,13.29
24/11/2018 8:00,18.08
25/11/2018 8:00,17.07
26/11/2018 8:00,16.49
27/11/2018 8:00,18.27
28/11/2018 8:00,18.41
29/11/2018 8:00,18.4
30/11/2018 8:00,19.79
1/12/2018 8:00,18.63
2/12/2018 8:00,18.48
3/12/2018 8:00,19.78
4/12/2018 8:00,18.15
5/12/2018 8:00,17.77
6/12/2018 8:00,16.29
7/12/2018 8:00,14.3
8/12/2018 8:00,16.97
9/12/2018 8:00,18.02
10/12/2018 8:00,18.28
11/12/2018 8:00,17.93
12/12/2018 8:00,18.77
13/12/2018 8:00,18.83
14/12/2018 8:00,19.84
15/12/2018 8:00,18.65
16/12/2018 8:00,19.5
17/12/2018 8:00,20
18/12/2018 8:00,20.95
19/12/2018 8:00,20.51
20/12/2018 8:00,19.89
21/12/2018 8:00,17.76
22/12/2018 8:00,17.69
23/12/2018 8:00,19.63
24/12/2018 8:00,19.47
25/12/2018 8:00,18.85
26/12/2018 8:00,17.88
27/12/2018 8:00,18.56
28/12/2018 8:00,18.01
29/12/2018 8:00,18.72
30/12/2018 8:00,19.43
31/12/2018 8:00,20.23
1/01/2019 8:00,20.22
2/01/2019 8:00,20.86
3/01/2019 8:00,20.47
4/01/2019 8:00,21.79
5/01/2019 8:00,19.84
6/01/2019 8:00,19.65
7/01/2019 8:00,20.39
8/01/2019 8:00,22.4
9/01/2019 8:00,20.69
10/01/2019 8:00,21.61
11/01/2019 8:00,22.55
12/01/2019 8:00,23.01
13/01/2019 8:00,22.35
14/01/2019 8:00,21.19
15/01/2019 8:00,16.93
16/01/2019 8:00,18.41
17/01/2019 8:00,20.94
18/01/2019 8:00,20.63
19/01/2019 8:00,21.3
20/01/2019 8:00,22.93
21/01/2019 8:00,19.73
22/01/2019 8:00,20.79
23/01/2019 8:00,20.41
24/01/2019 8:00,21.97
25/01/2019 8:00,18.71
26/01/2019 8:00,19.66
27/01/2019 8:00,18.77
28/01/2019 8:00,21.54
29/01/2019 8:00,22.4
30/01/2019 8:00,23.95
31/01/2019 8:00,22.93
1/02/2019 8:00,21.6
2/02/2019 8:00,20.22
3/02/2019 8:00,21.88
4/02/2019 8:00,20.87
5/02/2019 8:00,20.84
6/02/2019 8:00,21
7/02/2019 8:00,22.71
8/02/2019 8:00,18.92
9/02/2019 8:00,20.19
10/02/2019 8:00,20.17
11/02/2019 8:00,20.91
12/02/2019 8:00,21.73
13/02/2019 8:00,21.26
14/02/2019 8:00,21.53
15/02/2019 8:00,22.55
16/02/2019 8:00,21.93
17/02/2019 8:00,19.83
18/02/2019 8:00,20.82
19/02/2019 8:00,19.56
20/02/2019 8:00,20.52
21/02/2019 8:00,22.68
22/02/2019 8:00,23.14
23/02/2019 8:00,20.69
24/02/2019 8:00,18.37
25/02/2019 8:00,16.97
26/02/2019 8:00,17.41
27/02/2019 8:00,17.44
28/02/2019 8:00,19.3
1/03/2019 8:00,19.08
2/03/2019 8:00,17.66
3/03/2019 8:00,17.44
4/03/2019 8:00,19.11
5/03/2019 8:00,19.71
6/03/2019 8:00,18.18
7/03/2019 8:00,19.36
7/03/2019 8:00,19.36
8/03/2019 8:00,20.64
9/03/2019 8:00,15.52
10/03/2019 8:00,16.33
11/03/2019 8:00,17.61
12/03/2019 8:00,19.81
13/03/2019 8:00,19.49
14/03/2019 8:00,20.05
15/03/2019 8:00,20.62
16/03/2019 8:00,20.62
17/03/2019 8:00,20.94
18/03/2019 8:00,22.3
19/03/2019 8:00,20.64
20/03/2019 8:00,17.52
21/03/2019 8:00,18.21
22/03/2019 8:00,20.53
23/03/2019 8:00,19.41
24/03/2019 8:00,19.46
25/03/2019 8:00,19.81
26/03/2019 8:00,19.38
27/03/2019 8:00,19.66
28/03/2019 8:00,20.59
29/03/2019 8:00,19.41
30/03/2019 8:00,21.01
31/03/2019 8:00,20.37
1/04/2019 8:00,21.77
2/04/2019 8:00,19.44
3/04/2019 8:00,16.51
4/04/2019 8:00,15.85
5/04/2019 9:00,16.36
6/04/2019 9:00,17.25
7/04/2019 9:00,13.48
8/04/2019 9:00,13.33
9/04/2019 9:00,16.65
10/04/2019 9:00,14.55
11/04/2019 9:00,15.72
12/04/2019 9:00,15.76
13/04/2019 9:00,13.94
14/04/2019 9:00,11.27
15/04/2019 9:00,13.16
16/04/2019 9:00,13.29
17/04/2019 9:00,14.18
18/04/2019 9:00,14.83
19/04/2019 9:00,14.15
20/04/2019 9:00,13.25
21/04/2019 9:00,14.14
22/04/2019 9:00,17.91
23/04/2019 9:00,13.39
24/04/2019 9:00,12.97
25/04/2019 9:00,17.26
26/04/2019 9:00,17.51
27/04/2019 9:00,15.64
28/04/2019 9:00,16.58
29/04/2019 9:00,13.66
30/04/2019 9:00,14.42
1/05/2019 9:00,11.23
2/05/2019 9:00,10.26
3/05/2019 9:00,15.32
4/05/2019 9:00,13.82
5/05/2019 9:00,13.62
6/05/2019 9:00,14.41
7/05/2019 9:00,14.6
8/05/2019 9:00,15.24
9/05/2019 9:00,15.04
10/05/2019 9:00,17.94
11/05/2019 9:00,15.29
12/05/2019 9:00,17.11
13/05/2019 9:00,17.21
14/05/2019 9:00,13.79
15/05/2019 9:00,13.14
16/05/2019 9:00,16.1
17/05/2019 9:00,15.64
18/05/2019 9:00,12.37
19/05/2019 9:00,14.02
20/05/2019 9:00,14.18
21/05/2019 9:00,14.52
22/05/2019 9:00,14.09
23/05/2019 9:00,13.57
24/05/2019 9:00,13.23
25/05/2019 9:00,13.13
26/05/2019 9:00,12.8
27/05/2019 9:00,15.27
28/05/2019 9:00,16.04
29/05/2019 9:00,16.18
30/05/2019 9:00,12.06
31/05/2019 9:00,16.73
1/06/2019 9:00,12.17
2/06/2019 9:00,9.84
3/06/2019 9:00,8.73
4/06/2019 9:00,9.56
5/06/2019 9:00,13.25
6/06/2019 9:00,13.14
7/06/2019 9:00,11.99
8/06/2019 9:00,12.42
9/06/2019 9:00,13.53
10/06/2019 9:00,12.73
11/06/2019 9:00,11.47
12/06/2019 9:00,12.59
13/06/2019 9:00,10.18
14/06/2019 9:00,9.09
15/06/2019 9:00,13.73
16/06/2019 9:00,13.69
17/06/2019 9:00,12.07
18/06/2019 9:00,10.57
19/06/2019 9:00,7.964
20/06/2019 9:00,11.05
21/06/2019 9:00,14.48
22/06/2019 9:00,12.17
23/06/2019 9:00,11.07
24/06/2019 9:00,10.69
25/06/2019 9:00,10.9
26/06/2019 9:00,8.54
27/06/2019 9:00,6.825
28/06/2019 9:00,9.83
29/06/2019 9:00,9.75
30/06/2019 9:00,10.3
1/07/2019 9:00,11.42
2/07/2019 9:00,13.88
3/07/2019 9:00,15.17
4/07/2019 9:00,16.61
5/07/2019 9:00,11.13
6/07/2019 9:00,6.629
7/07/2019 9:00,6.517
8/07/2019 9:00,10.78
9/07/2019 9:00,10.49
10/07/2019 9:00,8.67
11/07/2019 9:00,11.96
12/07/2019 9:00,10.62
13/07/2019 9:00,11.27
14/07/2019 9:00,14.19
15/07/2019 9:00,10.6
16/07/2019 9:00,13.71
17/07/2019 9:00,11.34
18/07/2019 9:00,10.83
19/07/2019 9:00,11.94
20/07/2019 9:00,11.28
21/07/2019 9:00,10.14
22/07/2019 9:00,9.13
23/07/2019 9:00,9.88
24/07/2019 9:00,9.02
25/07/2019 9:00,8.76
26/07/2019 9:00,11.99
27/07/2019 9:00,12.88
28/07/2019 9:00,11.31
29/07/2019 9:00,12.25
30/07/2019 9:00,13.58
31/07/2019 9:00,12.24
1/08/2019 9:00,8.17
2/08/2019 9:00,10.49
3/08/2019 9:00,10.85
4/08/2019 9:00,11.91
5/08/2019 9:00,10.44
6/08/2019 9:00,9.5
7/08/2019 9:00,9.79
8/08/2019 9:00,12.2
9/08/2019 9:00,12.87
10/08/2019 9:00,12.61
11/08/2019 9:00,14.78
12/08/2019 9:00,13.33
13/08/2019 9:00,12.57
14/08/2019 9:00,12.29
15/08/2019 9:00,10.76
16/08/2019 9:00,10.85
17/08/2019 9:00,11.13
18/08/2019 9:00,12.22
19/08/2019 9:00,6.512
20/08/2019 9:00,10.97
21/08/2019 9:00,12.14
22/08/2019 9:00,12.61
23/08/2019 9:00,11.44
24/08/2019 9:00,9.64
25/08/2019 9:00,12.83
26/08/2019 9:00,13.66
27/08/2019 9:00,12.46
28/08/2019 9:00,10.45
29/08/2019 9:00,9.62
30/08/2019 9:00,10.45
31/08/2019 9:00,13.02
1/09/2019 9:00,10.34
2/09/2019 9:00,10.75
3/09/2019 9:00,13.87
4/09/2019 9:00,14.85
5/09/2019 9:00,15.49
6/09/2019 9:00,13.75
7/09/2019 9:00,10.92
8/09/2019 9:00,12.35
9/09/2019 9:00,13.48
10/09/2019 9:00,12.79
11/09/2019 9:00,11.11
12/09/2019 9:00,11.72
